query_id,corpus_id
qd4982518,dd4b9f7f6
qd4982518,dd4bf84f0
qd4982518,dd4bb016e
qd4982518,dd4b87d18
qd4982518,dd4980a42
qd4982518,dd4c4c208
qd4982518,dd4c0d2d8
qd4982518,dd4c4fb38
qd4982518,dd4be45d6
qd49795a8,dd4b9e8ce
qd49795a8,dd4befb5c
qd49795a8,dd4979f76
qd49795a8,dd4979602
qd49795a8,dd496eee6
qd49795a8,dd4c17a26
qd49795a8,dd4c11518
qd49795a8,dd4983698
qd496f724,dd4bd1c42
qd496f724,dd4983698
qd496f724,dd4c648e4
qd496f724,dd4b9306e
qd496f724,dd4bafa8e
qd496f724,dd496f77e
qd496f724,dd4ba9f94
qd496f724,dd4bb42d2
qd496f724,dd4bc314c
qd496f102,dd4b985b4
qd496f102,dd4c2f676
qd496f102,dd4bde26c
qd496f102,dd496f152
qd496f102,dd4972226
qd496f102,dd4ba111e
qd496f102,dd4bc3bf6
qd496f102,dd4b994c8
qd496f918,dd496f968
qd496f918,dd4bbbab4
qd496f918,dd4c229ee
qd496f918,dd4bf8928
qd496f918,dd4baf534
qd496f918,dd4ba898c
qd496f918,dd4c091f6
qd496f918,dd4c60bae
qd496f918,dd4ba0908
qd49859fc,dd4b8ef96
qd49859fc,dd4bda464
qd49859fc,dd4bfc5c8
qd49859fc,dd4b87c00
qd49859fc,dd4bc16bc
qd49859fc,dd4b9d19a
qd49859fc,dd4c323bc
qd49859fc,dd4979b84
qd49859fc,dd4bcf1ae
qd4981d2a,dd496ed24
qd4981d2a,dd4bdca34
qd4981d2a,dd497f5e8
qd4981d2a,dd4c1e9ca
qd4981d2a,dd4ba523c
qd4981d2a,dd4c64272
qd4981d2a,dd4be5b20
qd4981d2a,dd4b905bc
qd4981d2a,dd4c2f16c
qd497d4aa,dd4b9e8ce
qd497d4aa,dd4979f76
qd497d4aa,dd496eee6
qd497d4aa,dd4befb5c
qd497d4aa,dd4c17a26
qd497d4aa,dd4979602
qd497d4aa,dd4c11518
qd497d4aa,dd4c44684
qd497e0ee,dd4be409a
qd497e0ee,dd4bc8dd6
qd497e0ee,dd4bcce18
qd497e0ee,dd4c31dd6
qd497e0ee,dd4bf91ac
qd497e0ee,dd4974b0c
qd497e0ee,dd497e134
qd497e0ee,dd4b90ada
qd49850c4,dd49763da
qd49850c4,dd4c4fec6
qd49850c4,dd4bbb276
qd49850c4,dd4982158
qd49850c4,dd4bbc8f6
qd49850c4,dd4c5a20e
qd49850c4,dd497a3f4
qd49850c4,dd4bbc202
qd4982d6a,dd4be9c84
qd4982d6a,dd4b8b670
qd4982d6a,dd4975c1e
qd4982d6a,dd4c5007e
qd4982d6a,dd4c25cf2
qd4982d6a,dd4c1f3fc
qd4982d6a,dd4bbb668
qd4982d6a,dd4c1f514
qd4982d6a,dd4bc15d6
qd498998a,dd4c4749c
qd498998a,dd4c25860
qd498998a,dd4bf297e
qd498998a,dd4bc4eb6
qd498998a,dd4beb516
qd498998a,dd4b908e6
qd498998a,dd4bbeb7e
qd4977906,dd4ba91e8
qd4977906,dd4ba3e6e
qd4977906,dd4b92f10
qd4977906,dd4bbb17c
qd4977906,dd496d938
qd4977906,dd4b912fa
qd4977906,dd49818fc
qd4977906,dd4bad842
qd4977906,dd4b93d66
qd498a6dc,dd497bae2
qd498a6dc,dd4c38834
qd498a6dc,dd4bc5dac
qd498a6dc,dd4b8d65a
qd498a6dc,dd4b8b3f0
qd498a6dc,dd4bdddee
qd498a6dc,dd4b8f41e
qd498a6dc,dd496ebc6
qd498f128,dd4c596a6
qd498f128,dd4970516
qd498f128,dd498682a
qd498f128,dd4b91e44
qd498f128,dd4c19290
qd498f128,dd4bb81de
qd498f128,dd4c1a4c4
qd498f128,dd496f454
qd498f128,dd4bd2bd8
qd4973770,dd4c5bc8a
qd4973770,dd49737c0
qd4973770,dd4c0ce78
qd4973770,dd4c1201c
qd4973770,dd4bc0e88
qd4973770,dd4ba81f8
qd4973770,dd4c391d0
qd4973770,dd4bc2440
qd498d6fc,dd497d298
qd498d6fc,dd4b9e234
qd498d6fc,dd4ba122c
qd498d6fc,dd4ba5fa2
qd498d6fc,dd4bb4da4
qd498d6fc,dd498af42
qd498d6fc,dd4c346bc
qd498d6fc,dd4c5cebe
qd496d118,dd4bd0162
qd496d118,dd4c3af26
qd496d118,dd4baa548
qd496d118,dd4bd002c
qd496d118,dd4c26dbe
qd496d118,dd4bd5eb4
qd496d118,dd496d15e
qd496d118,dd497848c
qd496d118,dd4b8bbf2
qd496f594,dd4bbe2a0
qd496f594,dd496f5c6
qd496f594,dd4c0119a
qd496f594,dd4be4e3c
qd496f594,dd4bcfc62
qd496f594,dd4b902a6
qd496f594,dd4b87d18
qd496f594,dd4be45d6
qd49825e0,dd4970e26
qd49825e0,dd496ce98
qd49825e0,dd4c1311a
qd49825e0,dd4bd3b46
qd49825e0,dd4bea74c
qd49825e0,dd4ba3d92
qd49825e0,dd4c1d854
qd49825e0,dd4c51988
qd49825e0,dd497fb38
qd497a3b8,dd4bbc8f6
qd497a3b8,dd4c5a20e
qd497a3b8,dd4ba5d86
qd497a3b8,dd4c42172
qd497a3b8,dd4bc2e5e
qd497a3b8,dd4c01ae6
qd497a3b8,dd4baa23c
qd497a3b8,dd49763da
qd497c528,dd4bdb968
qd497c528,dd4b9e324
qd497c528,dd4b974d4
qd497c528,dd4c4e0f8
qd497c528,dd4bde6cc
qd497c528,dd4bb4da4
qd497c528,dd4bfadae
qd497c528,dd497d298
qd498f394,dd4c6501e
qd498f394,dd4bc4b46
qd498f394,dd4b94b76
qd498f394,dd497b524
qd498f394,dd4bb0bb4
qd498f394,dd4b87d18
qd498f394,dd4c2fef0
qd498f394,dd4ba7a78
qd4980326,dd4bb227a
qd4980326,dd4ba02f0
qd4980326,dd4c51a78
qd4980326,dd4b97e7a
qd4980326,dd4c4cd52
qd4980326,dd4c065fa
qd4980326,dd4bc1b94
qd4980326,dd4b8f0b8
qd4980326,dd4c4ce4c
qd498cc2a,dd4c66176
qd498cc2a,dd4b94ed2
qd498cc2a,dd497ad9a
qd498cc2a,dd4bbe1b0
qd498cc2a,dd4b9445a
qd498cc2a,dd4b8a14e
qd498cc2a,dd4bd73ea
qd498cc2a,dd4ba9d28
qd498cc2a,dd4ba534a
qd497b7e0,dd4ba48a0
qd497b7e0,dd4b8761a
qd497b7e0,dd4b9436a
qd497b7e0,dd4bed5aa
qd497b7e0,dd4c397b6
qd497b7e0,dd4b98d7a
qd497b7e0,dd4b926f0
qd497b7e0,dd4bc0adc
qd497b7e0,dd4c2dccc
qd498ed9a,dd4be481a
qd498ed9a,dd4ba660a
qd498ed9a,dd4bf241a
qd498ed9a,dd4b9e234
qd498ed9a,dd4c598ea
qd498ed9a,dd497d298
qd498ed9a,dd4be9e5a
qd498ed9a,dd4c346bc
qd498e660,dd4983698
qd498e660,dd4bd1c42
qd498e660,dd4c178a0
qd498e660,dd4c648e4
qd498e660,dd4b9306e
qd498e660,dd4ba9f94
qd498e660,dd4bc04e2
qd498e660,dd4c25efa
qd498e660,dd4bc314c
qd498d5e4,dd4b88aa6
qd498d5e4,dd4b9e068
qd498d5e4,dd4bd0a18
qd498d5e4,dd4bf297e
qd498d5e4,dd4beb516
qd498d5e4,dd4b9328a
qd498d5e4,dd4bd7db8
qd498d5e4,dd4bc4eb6
qd497c92e,dd4bcdcaa
qd497c92e,dd4c5cebe
qd497c92e,dd4ba5fa2
qd497c92e,dd4c37dd0
qd497c92e,dd4beb2fa
qd497c92e,dd4bc91dc
qd497c92e,dd497d298
qd497c92e,dd4b9a558
qd497c92e,dd4bb8436
qd498c428,dd4bbb17c
qd498c428,dd4c1bfb8
qd498c428,dd4971178
qd498c428,dd49818fc
qd498c428,dd4b93d66
qd498c428,dd4b912fa
qd498c428,dd4b86b98
qd498c428,dd4ba3e6e
qd498c428,dd4bd519e
qd4978d1a,dd4ba07d2
qd4978d1a,dd4bce6be
qd4978d1a,dd4b979de
qd4978d1a,dd4baef9e
qd4978d1a,dd4bae31e
qd4978d1a,dd4b95e86
qd4978d1a,dd4bb7270
qd4978d1a,dd4bce2b8
qd4978d1a,dd4bb123a
qd4978d1a,dd4c52518
qd49792ba,dd4985452
qd49792ba,dd4bbc040
qd49792ba,dd496d15e
qd49792ba,dd497848c
qd49792ba,dd4bb6c12
qd49792ba,dd4b8e8f2
qd49792ba,dd4bd002c
qd49792ba,dd4baa548
qd4980a06,dd4980a42
qd4980a06,dd4b9f7f6
qd4980a06,dd4be45d6
qd4980a06,dd4b87d18
qd4980a06,dd4c4c208
qd4980a06,dd4c657f8
qd4980a06,dd49901cc
qd4973c3e,dd4973c8e
qd4973c3e,dd4970516
qd4973c3e,dd4c31ebc
qd4973c3e,dd4b8b4d6
qd4973c3e,dd4bfd69e
qd4973c3e,dd4978f5e
qd4973c3e,dd4bea9d6
qd4973c3e,dd4bd2bd8
qd4973c3e,dd4be2b32
qd4986d0c,dd49797ec
qd4986d0c,dd4c5adf8
qd4986d0c,dd4c323bc
qd4986d0c,dd4bcdcaa
qd4986d0c,dd4c195b0
qd4986d0c,dd4c2568a
qd498650a,dd498655a
qd498650a,dd4bc6fe0
qd498650a,dd4c4cf78
qd498650a,dd4c05bc8
qd498650a,dd497d504
qd498650a,dd4bc000a
qd498650a,dd4b8df74
qd498650a,dd4b8d254
qd498650a,dd4b9649e
qd498c8b0,dd4bbc5d6
qd498c8b0,dd4bf791a
qd498c8b0,dd4b9a63e
qd498c8b0,dd4c1a4c4
qd498c8b0,dd4972226
qd498c8b0,dd4970098
qd49781b2,dd49781f8
qd49781b2,dd4bb416a
qd49781b2,dd4bdac8e
qd49781b2,dd4bb216c
qd49781b2,dd496e694
qd49781b2,dd4b952d8
qd49781b2,dd4bb56f0
qd49781b2,dd4c4d824
qd49781b2,dd4b93e60
qd498b1b8,dd4bc75f8
qd498b1b8,dd498b1f4
qd498b1b8,dd4c0d670
qd498b1b8,dd4ba7a78
qd498b1b8,dd4bdf78e
qd498b1b8,dd4bb1f8c
qd498b1b8,dd4970516
qd498b1b8,dd4b89cbc
qd498b1b8,dd4bf5a52
qd497214a,dd4972226
qd497214a,dd4ba9d28
qd497214a,dd4bbf27c
qd497214a,dd4bbc5d6
qd497214a,dd4be90a4
qd497214a,dd4ba534a
qd497214a,dd4970098
qd497214a,dd4bbe1b0
qd4972b4a,dd4972b86
qd4972b4a,dd4baed28
qd4972b4a,dd4bad4e6
qd4972b4a,dd497774e
qd4972b4a,dd4c0f696
qd4972b4a,dd4c4a2c8
qd4972b4a,dd4c4f7aa
qd4972b4a,dd4bf1060
qd4972b4a,dd4bbc202
qd4979c6a,dd49749cc
qd4979c6a,dd4bc45a6
qd4979c6a,dd4c17616
qd4979c6a,dd4bbd300
qd4979c6a,dd4c5a7ea
qd4979c6a,dd4bdb65c
qd4979c6a,dd4bf094e
qd4979c6a,dd4bce1c8
qd4979c6a,dd4974328
qd498c2de,dd498c338
qd498c2de,dd4ba75b4
qd498c2de,dd4b8e2a8
qd498c2de,dd4bcc7c4
qd498c2de,dd498f754
qd498c2de,dd4c501b4
qd496e4f0,dd496e554
qd496e4f0,dd4bef5da
qd496e4f0,dd4b89dc0
qd496e4f0,dd4ba7be0
qd496e4f0,dd4c4d522
qd496e4f0,dd4b8b670
qd496e4f0,dd4bc314c
qd496e4f0,dd498682a
qd4988300,dd4c323bc
qd4988300,dd4c5adf8
qd4988300,dd49797ec
qd4988300,dd4c195b0
qd4988300,dd4c2568a
qd4988300,dd4be38b6
qd4988300,dd4c15da2
qd4988300,dd4c616da
qd497b4e8,dd497b524
qd497b4e8,dd4c08e0e
qd497b4e8,dd4970c32
qd497b4e8,dd4c42172
qd497b4e8,dd4b894d8
qd497b4e8,dd4b96ca0
qd497b4e8,dd4c5a20e
qd497b4e8,dd4bb90d4
qd496fbca,dd496fc06
qd496fbca,dd4bb7108
qd496fbca,dd4bc7b52
qd496fbca,dd4bc7c60
qd496fbca,dd4c4ee72
qd496fbca,dd4b8f518
qd496fbca,dd4976a9c
qd496fbca,dd496d5d2
qd496fbca,dd4bd4820
qd496fbca,dd4b8c7be
qd4970ce6,dd4bd74e4
qd4970ce6,dd49707dc
qd4970ce6,dd4c2c9e4
qd4970ce6,dd4bb8daa
qd4970ce6,dd4bccc06
qd4970ce6,dd4bf6a7e
qd4970ce6,dd4bb51aa
qd4970ce6,dd4970d36
qd4970ce6,dd4c016fe
qd49885da,dd4c18b10
qd49885da,dd4974620
qd49885da,dd4bdec9e
qd49885da,dd4bcd872
qd49885da,dd4b9675a
qd49885da,dd4c56aaa
qd49885da,dd4bec6e6
qd49885da,dd4c32a74
qd4982112,dd4b973b2
qd4982112,dd4bb5506
qd4982112,dd4982158
qd4982112,dd4bdf78e
qd4982112,dd4bbc202
qd4982112,dd4ba7a78
qd4982112,dd4c4a2c8
qd4982112,dd4bf5c14
qd4982112,dd4bf6f9c
qd498411a,dd4b8b4d6
qd498411a,dd4bd711a
qd498411a,dd4bb6b4a
qd498411a,dd4c2cb10
qd498411a,dd4bfd69e
qd498411a,dd4bd2bd8
qd498411a,dd4c1d62e
qd498411a,dd4c4e62a
qd498411a,dd4c50f60
qd498d21a,dd4c08e0e
qd498d21a,dd4bdbdd2
qd498d21a,dd4c4fb38
qd498d21a,dd497b524
qd498d21a,dd4bc7b52
qd498d21a,dd4bf84f0
qd498d21a,dd496fc06
qd498d21a,dd497b9d4
qd498d21a,dd4bbe0d4
qd4982770,dd4983698
qd4982770,dd4bd1c42
qd4982770,dd4bc04e2
qd4982770,dd4c58d46
qd4982770,dd4c178a0
qd4982770,dd4c25efa
qd4982770,dd4b9306e
qd4982770,dd4c5d80a
qd4982770,dd4ba9f94
qd498de22,dd4bc7c60
qd498de22,dd4976a9c
qd498de22,dd496fc06
qd498de22,dd4bc7b52
qd498de22,dd4c4ee72
qd498de22,dd4b8f518
qd498de22,dd496d5d2
qd498de22,dd497b164
qd498de22,dd4bb7108
qd498de22,dd4bba6b4
qd498a5e2,dd4bfd69e
qd498a5e2,dd4c31ebc
qd498a5e2,dd4c50f60
qd498a5e2,dd4bea9d6
qd498a5e2,dd4c2cb10
qd498a5e2,dd4bb6b4a
qd498a5e2,dd4b8c7be
qd498a5e2,dd4c53260
qd498a5e2,dd4bd4820
qd498ce96,dd4bfd216
qd498ce96,dd4bd368c
qd498ce96,dd4b87796
qd498ce96,dd4b8cc96
qd498ce96,dd4ba0660
qd498ce96,dd4b98c76
qd498ce96,dd4ba057a
qd498ce96,dd4b95daa
qd498ce96,dd4c0e6ec
qd498ce96,dd4c5750e
qd497b95c,dd4bbf380
qd497b95c,dd497b9d4
qd497b95c,dd4c528e2
qd497b95c,dd4bb7270
qd497b95c,dd4970aa2
qd497b95c,dd4bb4980
qd497b95c,dd4b9ec5c
qd497b95c,dd4bef5da
qd497b95c,dd4bde83e
qd497b95c,dd4bbc202
qd4978306,dd497774e
qd4978306,dd4be687c
qd4978306,dd4baed28
qd4978306,dd4972b86
qd4978306,dd496daaa
qd4978306,dd4bad4e6
qd4978306,dd4bedfe6
qd4978306,dd496ddd4
qd4978306,dd4c3c8e4
qd4978306,dd4bda392
qd4988422,dd4bb78a6
qd4988422,dd4b91d40
qd4988422,dd4bd7db8
qd4988422,dd496f454
qd4988422,dd4bd1de6
qd4988422,dd4bf3770
qd4988422,dd4be5ef4
qd4988422,dd4bdd420
qd4981186,dd4bfd69e
qd4981186,dd4beeb30
qd4981186,dd4ba1024
qd4981186,dd4bd711a
qd4981186,dd4bea9d6
qd4981186,dd4b9cfc4
qd4981186,dd4c31ebc
qd4981186,dd4c53260
qd4981186,dd4bd2bd8
qd4976d12,dd4976d62
qd4976d12,dd4bdd984
qd4976d12,dd4c1ddd6
qd4976d12,dd4986424
qd4976d12,dd4bcaf0a
qd4976d12,dd497a156
qd4976d12,dd4bb6b4a
qd4971344,dd4c5e502
qd4971344,dd4bcf794
qd4971344,dd4bac24e
qd4971344,dd4bc1f68
qd4971344,dd4c3d78a
qd4971344,dd4bea74c
qd4971344,dd4ba940e
qd4971344,dd4bd3b46
qd498cb30,dd4b9698a
qd498cb30,dd4b8b670
qd498cb30,dd4ba534a
qd498cb30,dd4bc33e0
qd498cb30,dd4972226
qd498cb30,dd4bc7a6c
qd498cb30,dd4bbd5e4
qd498cb30,dd4b8ab80
qd498cb30,dd4ba9d28
qd4989ac0,dd4979b84
qd4989ac0,dd4bf589a
qd4989ac0,dd4bc8c64
qd4989ac0,dd4bc654a
qd4989ac0,dd497b6a0
qd4989ac0,dd4be2c5e
qd4989ac0,dd4c02fa4
qd4987784,dd4c53bca
qd4987784,dd4b9cec0
qd4987784,dd498628a
qd4987784,dd4c4dea0
qd4987784,dd4c52c70
qd4987784,dd4c32b8c
qd4987784,dd4c57c52
qd4987784,dd4c58b02
qd4987784,dd4b87340
qd4983b3e,dd4b9ec5c
qd4983b3e,dd4c5d6ca
qd4983b3e,dd4bcdcaa
qd4983b3e,dd4bce3c6
qd4983b3e,dd4c4fc1e
qd4983b3e,dd4c339ec
qd4983b3e,dd4bbad1c
qd4983b3e,dd4c30b66
qd4983b3e,dd49797ec
qd497843c,dd4bb6c12
qd497843c,dd4b89dc0
qd497843c,dd4bcd872
qd497feb2,dd497875c
qd497feb2,dd497ff02
qd497feb2,dd4c51b22
qd497feb2,dd4c2acb6
qd497feb2,dd4c5a574
qd497feb2,dd4bdf78e
qd497feb2,dd4bcde76
qd497feb2,dd4bccb34
qd497feb2,dd4b9a788
qd4970de0,dd496ce98
qd4970de0,dd4970e26
qd4970de0,dd4c1311a
qd4970de0,dd4bea74c
qd4970de0,dd4bd3b46
qd4970de0,dd4beee14
qd4970de0,dd4c3d78a
qd4970de0,dd4979a3a
qd498694c,dd49869a6
qd498694c,dd4bee9d2
qd498694c,dd4bb8602
qd498694c,dd4c131e2
qd498694c,dd4b9a152
qd498694c,dd4b9710a
qd498694c,dd4bfabec
qd497fc46,dd4bc7eb8
qd497fc46,dd4bb90d4
qd497fc46,dd4bb25d6
qd497fc46,dd4c2c872
qd497fc46,dd4c08bd4
qd497fc46,dd4b9dec4
qd497fc46,dd4c0fb0a
qd497fc46,dd4bff354
qd496dc08,dd4bcf794
qd496dc08,dd4c5efa2
qd496dc08,dd4b933fc
qd496dc08,dd4bdb56c
qd496dc08,dd4c5007e
qd496dc08,dd496dc80
qd496dc08,dd4bbd5e4
qd496dc08,dd4975c1e
qd496dc08,dd4c5d508
qd498fc86,dd4bb6e6a
qd498fc86,dd4b92d62
qd498fc86,dd4bcff28
qd498fc86,dd4b9af30
qd498fc86,dd4bb2a5e
qd498fc86,dd4bc1b94
qd498fc86,dd4bd7db8
qd496f404,dd4bb43c2
qd496f404,dd4bd2bd8
qd496f404,dd4bba6b4
qd496f404,dd4bd3d9e
qd496f404,dd4bf91ac
qd496f404,dd4c53418
qd496f404,dd4b8b4d6
qd496f404,dd4b9d410
qd49703d6,dd4b88aa6
qd49703d6,dd4c4749c
qd49703d6,dd4b9e068
qd49703d6,dd4bc32fa
qd49703d6,dd4bc4eb6
qd49703d6,dd4b97cc2
qd49703d6,dd4c25860
qd4974436,dd496fc06
qd4974436,dd4b8f518
qd4974436,dd4c4ee72
qd4974436,dd4bc7b52
qd4974436,dd496d5d2
qd4974436,dd4bc7c60
qd4974436,dd4976a9c
qd4974436,dd4b9405e
qd4974436,dd4c528e2
qd4974436,dd4bbf380
qd4981bfe,dd497e4cc
qd4981bfe,dd4bf6650
qd4981bfe,dd4bd2822
qd4981bfe,dd4bcf42e
qd4981bfe,dd4bc0190
qd4981bfe,dd4c100e6
qd4981bfe,dd4c0518c
qd4981bfe,dd4b9436a
qd4983256,dd4b8dd76
qd4983256,dd4bc1b94
qd4983256,dd4bcff28
qd4983256,dd4c439dc
qd4983256,dd4c545b6
qd4983256,dd4bfdaea
qd4983256,dd4ba02f0
qd4983256,dd4c52d60
qd4983256,dd4bae31e
qd496fd00,dd497d298
qd496fd00,dd4b9e234
qd496fd00,dd4ba122c
qd496fd00,dd4ba5fa2
qd496fd00,dd4bb4da4
qd496fd00,dd4c346bc
qd496fd00,dd498af42
qd496fd00,dd4bbc040
qd4988a76,dd497cdca
qd4988a76,dd4c07cfc
qd4988a76,dd4b94ed2
qd4988a76,dd4c32a74
qd4988a76,dd4c1bfb8
qd4988a76,dd4c5f09c
qd4988a76,dd4c3b106
qd4988a76,dd4c0dc24
qd497a926,dd497a976
qd497a926,dd4b94ed2
qd497a926,dd4c0781a
qd497a926,dd4bd73ea
qd497a926,dd4be90a4
qd497a926,dd4b8ab80
qd497a926,dd4c0c5ea
qd497a926,dd497ad9a
qd497a926,dd4bbe1b0
qd498c090,dd4c323bc
qd498c090,dd4c195b0
qd498c090,dd4c2568a
qd498c090,dd4c23f60
qd498c090,dd4c4af66
qd498c090,dd4b87c00
qd498c090,dd4b9ec5c
qd498c090,dd4bd5d88
qd4984a16,dd4c31ebc
qd4984a16,dd4b8b4d6
qd4984a16,dd4bb6b4a
qd4984a16,dd4bfd69e
qd4984a16,dd4b8c7be
qd4984a16,dd4bd3d9e
qd4984a16,dd4bd2bd8
qd4984a16,dd4b8ac48
qd4984a16,dd4bf91ac
qd4970f34,dd4baf0de
qd4970f34,dd4b8983e
qd4970f34,dd4bff516
qd4970f34,dd497314e
qd4970f34,dd49741fc
qd4970f34,dd4c58382
qd4970f34,dd4c49468
qd4971722,dd49719f2
qd4971722,dd4bc26ca
qd4971722,dd4bed046
qd4971722,dd4ba13ee
qd4971722,dd4b916e2
qd4971722,dd4bc86ce
qd4971722,dd4b93d66
qd4971722,dd4bd677e
qd4987d7e,dd4b8e64a
qd4987d7e,dd4b9ec5c
qd4987d7e,dd4bd5d88
qd4987d7e,dd4c195b0
qd4987d7e,dd4989e76
qd4987d7e,dd4bb5c2c
qd4987d7e,dd4c37dd0
qd4987d7e,dd4c61c98
qd496c9c0,dd4b9ec5c
qd496c9c0,dd4c5d6ca
qd496c9c0,dd4bcdcaa
qd496c9c0,dd4bce3c6
qd496c9c0,dd4c4fc1e
qd496c9c0,dd4bbad1c
qd496c9c0,dd4c339ec
qd496c9c0,dd4c30b66
qd496c9c0,dd49797ec
qd49856aa,dd4bcc332
qd49856aa,dd4b9c948
qd49856aa,dd4c1adf2
qd49856aa,dd4bd4730
qd49856aa,dd4c529be
qd49856aa,dd4c0f3ee
qd49856aa,dd49811d6
qd49856aa,dd4bd8100
qd49867da,dd4c596a6
qd49867da,dd4970516
qd49867da,dd4c1a4c4
qd49867da,dd498682a
qd49867da,dd4b91e44
qd49867da,dd4bb81de
qd49867da,dd4c19290
qd49867da,dd496f454
qd4987b12,dd4c5007e
qd4987b12,dd4bde83e
qd4987b12,dd4bdc084
qd4987b12,dd4c65c30
qd4987b12,dd4bb25d6
qd4987b12,dd4ba28b6
qd497471a,dd497477e
qd497471a,dd4c4c636
qd497471a,dd4bb9e4e
qd497471a,dd4c07df6
qd497471a,dd4bb2d7e
qd497471a,dd4be643a
qd497471a,dd4be6cb4
qd497471a,dd4ba1ef2
qd497471a,dd4b8db3c
qd497471a,dd4b8705c
qd498cd6a,dd49781f8
qd498cd6a,dd4bb216c
qd498cd6a,dd4b933fc
qd498cd6a,dd4bcf794
qd498cd6a,dd4be27ae
qd498cd6a,dd4b94266
qd498cd6a,dd4c4a3cc
qd4978054,dd4c596a6
qd4978054,dd4bc0f5a
qd4978054,dd4c60c58
qd4978054,dd4bf297e
qd4978054,dd4b90684
qd4978054,dd4bda392
qd4978054,dd4bf5f66
qd4978054,dd4bd03a6
qd4978054,dd4bfb808
qd49893e0,dd4971178
qd49893e0,dd4ba8144
qd49893e0,dd4b8a14e
qd49893e0,dd4b92f10
qd49893e0,dd4c1bfb8
qd49893e0,dd4b86b98
qd49893e0,dd4c07cfc
qd497b006,dd4b9f292
qd497b006,dd4b893de
qd497b006,dd4c5c6e4
qd497b006,dd4c37dd0
qd497b006,dd4c346bc
qd497b006,dd4bf3ee6
qd497b006,dd497d298
qd497b006,dd4bb8436
qd498f47a,dd4bcdcaa
qd498f47a,dd4c37dd0
qd498f47a,dd4b8c5c0
qd498f47a,dd4b8ce1c
qd498f47a,dd4c346bc
qd498f47a,dd4bc91dc
qd498f47a,dd4c339ec
qd498f47a,dd4b9a558
qd498f47a,dd4c0d9f4
qd496ecd4,dd496ed24
qd496ecd4,dd4bdca34
qd496ecd4,dd497f5e8
qd496ecd4,dd4c1e9ca
qd496ecd4,dd4ba523c
qd496ecd4,dd4c64272
qd496ecd4,dd4b905bc
qd496ecd4,dd4be5b20
qd496ecd4,dd4ba4062
qd4988152,dd4c4c208
qd4988152,dd4980a42
qd4988152,dd4b885a6
qd4988152,dd4b9f7f6
qd4988152,dd4be45d6
qd4988152,dd4b87d18
qd4988152,dd4bd2250
qd4988152,dd4bad4e6
qd4988152,dd497b9d4
qd498b99c,dd4bd4078
qd498b99c,dd4baf3ea
qd498b99c,dd4c539b8
qd498b99c,dd498e52a
qd498b99c,dd4bec2fe
qd498b99c,dd4bebffc
qd498b99c,dd49899f8
qd498b99c,dd4b8ae64
qd496e07c,dd4b892a8
qd496e07c,dd4bcd6a6
qd496e07c,dd4c44e90
qd496e07c,dd496e0d6
qd496e07c,dd4be9d60
qd496e07c,dd4c4b376
qd496e07c,dd4bb4796
qd496e07c,dd49791ac
qd4977e06,dd4c58382
qd4977e06,dd4c339ec
qd4977e06,dd4bc0f5a
qd4977e06,dd4b8c5c0
qd4977e06,dd49707dc
qd4977e06,dd4bcaf0a
qd4977e06,dd496ca2e
qd4977e06,dd4bf6a7e
qd4977e06,dd4bb6b4a
qd498cfd6,dd4ba9b70
qd498cfd6,dd4bf481e
qd498cfd6,dd4ba6b50
qd498cfd6,dd4c4b268
qd498cfd6,dd4b90bb6
qd498cfd6,dd4bf297e
qd498cfd6,dd4b9e068
qd4979f26,dd4b9b93a
qd4979f26,dd4bbc5d6
qd4979f26,dd4b9a63e
qd4979f26,dd4c25cf2
qd4979f26,dd4c1bfb8
qd4979f26,dd4bc53f2
qd4977410,dd4b8b4d6
qd4977410,dd4bfd69e
qd4977410,dd4c2cb10
qd4977410,dd49889a4
qd4977410,dd4b8c7be
qd4977410,dd4c50f60
qd4977410,dd4c111ee
qd4977410,dd4c4e62a
qd4977410,dd4be2b32
qd498d90e,dd4ba9d28
qd498d90e,dd4972226
qd498d90e,dd4bb216c
qd498d90e,dd4bc7a6c
qd498d90e,dd4bbf27c
qd498d90e,dd4be90a4
qd498d90e,dd4bbe1b0
qd498d90e,dd4b933fc
qd497ca32,dd496d15e
qd497ca32,dd4985452
qd497ca32,dd4baa548
qd497ca32,dd497848c
qd497ca32,dd4972a1e
qd497ca32,dd4c3af26
qd497ca32,dd4bb6c12
qd497ca32,dd4bbc040
qd497ca32,dd4b8eafa
qd497cff0,dd4bd4730
qd497cff0,dd4c53260
qd497cff0,dd4bbd8a0
qd497cff0,dd4c50f60
qd497cff0,dd4b9c40c
qd497cff0,dd4bd8100
qd497cff0,dd4c5e9a8
qd497cff0,dd4c2cb10
qd496d3f2,dd496d44c
qd496d3f2,dd4b9ab8e
qd496d3f2,dd4b924de
qd496d3f2,dd4978b44
qd496d3f2,dd4bcfe2e
qd496d3f2,dd498989a
qd496d3f2,dd4bccc06
qd496d3f2,dd4bd4618
qd496d3f2,dd4bcd2e6
qd496eb76,dd4bce560
qd496eb76,dd4c0d9f4
qd496eb76,dd4c37dd0
qd496eb76,dd4be0cba
qd496eb76,dd4c49d50
qd496eb76,dd4c62fb2
qd496eb76,dd4b8761a
qd498be10,dd4985fd8
qd498be10,dd4b9d0b4
qd498be10,dd4c4e8c8
qd498be10,dd4ba72a8
qd498be10,dd4ba785c
qd498be10,dd4b8ff9a
qd498be10,dd4c4f6b0
qd498be10,dd4be4f72
qd498be10,dd4c2d740
qd497f1d8,dd4c26dbe
qd497f1d8,dd4b89dc0
qd497f1d8,dd4bc7db4
qd497f1d8,dd4b8bbf2
qd497f1d8,dd4ba7be0
qd497f1d8,dd4c3af26
qd497f1d8,dd4c0fa06
qd497f1d8,dd4bd002c
qd497f1d8,dd4bb6c12
qd49779e2,dd4bb6c12
qd49779e2,dd4b89dc0
qd49779e2,dd4c26dbe
qd49779e2,dd4ba2d20
qd496ea54,dd4b92d62
qd496ea54,dd4ba71ae
qd496ea54,dd4bc1b94
qd496ea54,dd4980772
qd496ea54,dd4b920e2
qd496ea54,dd4bc82c8
qd496ea54,dd4bc899e
qd4979b34,dd4bc8c64
qd4979b34,dd4979b84
qd4979b34,dd4bbb564
qd4979b34,dd4c194a2
qd4979b34,dd4980f7e
qd4979b34,dd4b8ef96
qd4979b34,dd4be238a
qd4979b34,dd4c40034
qd4979b34,dd4bcfc62
qd4978afe,dd4b924de
qd4978afe,dd4b9ab8e
qd4978afe,dd4978b44
qd4978afe,dd4bcfe2e
qd4978afe,dd4bccc06
qd4978afe,dd4bd4618
qd4978afe,dd496d44c
qd4978afe,dd4b99f4a
qd4978afe,dd4c3e590
qd4989e12,dd4c195b0
qd4989e12,dd4bd4532
qd4989e12,dd4c2dccc
qd4989e12,dd4989e76
qd4989e12,dd4c37dd0
qd4989e12,dd4bd5d88
qd4989e12,dd4c00844
qd4989e12,dd4bae530
qd498aace,dd4c5c9e6
qd498aace,dd4c50394
qd498aace,dd497e274
qd498aace,dd4c0831e
qd498aace,dd4c52298
qd498aace,dd4c54bf6
qd498aace,dd4bcab5e
qd498aace,dd4bf241a
qd497d6c6,dd497d70c
qd497d6c6,dd4c326a0
qd497d6c6,dd4b895c8
qd497d6c6,dd49753cc
qd497d6c6,dd4bc47a4
qd497d6c6,dd4b90e72
qd497d6c6,dd4b87fde
qd497d6c6,dd4ba4ad0
qd497d6c6,dd4c1f136
qd498d85a,dd4972b86
qd498d85a,dd4baed28
qd498d85a,dd4bad4e6
qd498d85a,dd4980a42
qd498d85a,dd4bf84f0
qd498d85a,dd498b1f4
qd498d85a,dd4c4f7aa
qd498d85a,dd4c5c572
qd498d85a,dd4b953dc
qd497f58e,dd496ed24
qd497f58e,dd4bdca34
qd497f58e,dd497f5e8
qd497f58e,dd4c1e9ca
qd497f58e,dd4ba523c
qd497f58e,dd4c64272
qd497f58e,dd4b905bc
qd497f58e,dd4be5b20
qd497f58e,dd4ba4062
qd498a4d4,dd4985452
qd498a4d4,dd496d15e
qd498a4d4,dd4bbc040
qd498a4d4,dd4bb8fa8
qd498a4d4,dd497848c
qd498a4d4,dd4b8e8f2
qd498a4d4,dd4c4d522
qd4983a30,dd4bbe2a0
qd4983a30,dd496f5c6
qd4983a30,dd4c0119a
qd4983a30,dd4bcfc62
qd4983a30,dd4be4e3c
qd4983a30,dd4b905bc
qd4983a30,dd4b9a558
qd4983a30,dd496ed24
qd4983a30,dd4bc91dc
qd498fe8e,dd4bc0f5a
qd498fe8e,dd4c60c58
qd498fe8e,dd4c596a6
qd498fe8e,dd4bfb808
qd498fe8e,dd4b91d40
qd498fe8e,dd497c6ae
qd498fe8e,dd4c11b12
qd498fe8e,dd4c26738
qd498fe8e,dd4bf297e
qd498458e,dd497477e
qd498458e,dd4c4c636
qd498458e,dd4bb9e4e
qd498458e,dd4c07df6
qd498458e,dd4bb2d7e
qd498458e,dd4be643a
qd498458e,dd4be6cb4
qd498458e,dd4ba1ef2
qd498458e,dd4b8db3c
qd498458e,dd4b8705c
qd497b25e,dd4982158
qd497b25e,dd4bb5506
qd497b25e,dd4b9dec4
qd497b25e,dd4b973b2
qd497b25e,dd4c33230
qd497b25e,dd4c0fb0a
qd497b25e,dd4bbdb16
qd497b25e,dd4bf31da
qd4984afc,dd4b94ed2
qd4984afc,dd497a976
qd4984afc,dd497b9d4
qd4984afc,dd4be90a4
qd4984afc,dd4c0c5ea
qd4984afc,dd4b8ab80
qd4984afc,dd497ad9a
qd4984afc,dd4be50b2
qd4984afc,dd4bea18e
qd497dedc,dd4c1f514
qd497dedc,dd4c45e44
qd497dedc,dd4c465a6
qd497dedc,dd4c093a4
qd497dedc,dd4b8a6b2
qd497dedc,dd4b9ad82
qd497dedc,dd4be2862
qd497dedc,dd4ba90f8
qd4981e6a,dd496e554
qd4981e6a,dd4b8f6f8
qd4981e6a,dd4b9ef54
qd4981e6a,dd4b8aa86
qd4981e6a,dd4ba8a5e
qd4981e6a,dd4bbf57e
qd4981e6a,dd4bb7450
qd4981e6a,dd4bc93f8
qd4981e6a,dd4bb5fd8
qd4975aca,dd4ba28b6
qd4975aca,dd4bac60e
qd4975aca,dd4c111ee
qd4975aca,dd4be05ee
qd4975aca,dd4ba203c
qd4975aca,dd4c23f60
qd4975aca,dd4bde83e
qd4975aca,dd4b89dc0
qd4983508,dd4b98c76
qd4983508,dd4b95daa
qd4983508,dd4bd368c
qd4983508,dd4c62ddc
qd4983508,dd4c4eac6
qd4983508,dd4bfd216
qd4983508,dd497ccb2
qd4983508,dd4b87796
qd4983508,dd4b8f842
qd4985d26,dd4bfd69e
qd4985d26,dd4978f5e
qd4985d26,dd4be2b32
qd4985d26,dd4c31ebc
qd4985d26,dd49889a4
qd4985d26,dd4c2cb10
qd4985d26,dd4c2663e
qd4985d26,dd4b8b4d6
qd4985d26,dd4c4e62a
qd4985d26,dd4bd2bd8
qd496efe0,dd49749cc
qd496efe0,dd4bc45a6
qd496efe0,dd4bbd300
qd496efe0,dd4bf094e
qd496efe0,dd4c17616
qd496efe0,dd4c5a7ea
qd496efe0,dd4974328
qd496efe0,dd4bdb65c
qd498885a,dd4988f26
qd498885a,dd4bc62ca
qd498885a,dd4c20130
qd498885a,dd4ba8f36
qd498885a,dd4c48b62
qd498885a,dd4984020
qd498885a,dd4bdeac8
qd498885a,dd4baad2c
qd498885a,dd4bcb1a8
qd497ed64,dd4bf297e
qd497ed64,dd4bd7db8
qd497ed64,dd4b9e068
qd497ed64,dd4b91d40
qd497ed64,dd4b9c40c
qd497ed64,dd4c109d8
qd497ed64,dd4ba299c
qd497ed64,dd4bec6e6
qd497ed64,dd4b88aa6
qd49812d0,dd4970642
qd49812d0,dd4bbdb16
qd49812d0,dd4b902a6
qd49812d0,dd4bfcf6e
qd49812d0,dd4c4c208
qd49812d0,dd4b89cbc
qd49812d0,dd4c3b9da
qd49812d0,dd4980a42
qd497a26e,dd4c091f6
qd497a26e,dd4c2dccc
qd497a26e,dd496e8ec
qd497a26e,dd4bd7926
qd497a26e,dd497b06a
qd497a26e,dd4bbd8a0
qd497a26e,dd4bce560
qd497a26e,dd4bde83e
qd497e878,dd4b88aa6
qd497e878,dd4c18b10
qd497e878,dd4bdbf80
qd497e878,dd4beb516
qd497e878,dd4b908e6
qd497e878,dd4b96ca0
qd497e878,dd4c25860
qd497e878,dd4c002fe
qd4973504,dd4be1b9c
qd4973504,dd4c53260
qd4973504,dd4bbd8a0
qd4973504,dd4bea9d6
qd4973504,dd4bf91ac
qd4973504,dd4beac7e
qd4973504,dd497354a
qd4973504,dd4bcd94e
qd4973504,dd4bbeb7e
qd4973504,dd4c1e0e2
qd49770fa,dd4970642
qd49770fa,dd4bbdb16
qd49770fa,dd4b902a6
qd49770fa,dd4c46150
qd49770fa,dd4c4c208
qd49770fa,dd4bae31e
qd49770fa,dd4ba02f0
qd49770fa,dd49901cc
qd49770fa,dd4c5a20e
qd49878ce,dd4bbb17c
qd49878ce,dd49818fc
qd49878ce,dd4b912fa
qd49878ce,dd4ba91e8
qd49878ce,dd4bd519e
qd49878ce,dd4b93d66
qd49878ce,dd4971178
qd49878ce,dd4b92f10
qd49878ce,dd4ba3e6e
qd498482c,dd497b524
qd498482c,dd4c08e0e
qd498482c,dd4c5e502
qd498482c,dd4b96ca0
qd498482c,dd4c248b6
qd498482c,dd4b96a84
qd498482c,dd4c17616
qd498482c,dd4ba940e
qd498482c,dd4c1f3fc
qd497cb22,dd4ba91e8
qd497cb22,dd4b92f10
qd497cb22,dd4b86b98
qd497cb22,dd4bbb17c
qd497cb22,dd4ba3e6e
qd497cb22,dd496d938
qd497cb22,dd49818fc
qd497cb22,dd4b93d66
qd497cb22,dd4b912fa
qd497da68,dd497da9a
qd497da68,dd497340a
qd497da68,dd4c0f696
qd497da68,dd4c4a2c8
qd497da68,dd4b953dc
qd497da68,dd4bbc202
qd497da68,dd4c4f7aa
qd497da68,dd4b89cbc
qd497da68,dd4bf31da
qd497da68,dd4970642
qd497562e,dd4b9e068
qd497562e,dd4c1f514
qd497562e,dd4979b84
qd497562e,dd4ba4792
qd497562e,dd4c465a6
qd497562e,dd496e554
qd497562e,dd4c109d8
qd497562e,dd4bafa8e
qd498b6d6,dd4972a1e
qd498b6d6,dd4c37cfe
qd498b6d6,dd4979f76
qd498b6d6,dd4c1f226
qd498b6d6,dd4bca6ea
qd498b6d6,dd4bce1c8
qd498b6d6,dd4b94266
qd498eb10,dd4bbe2a0
qd498eb10,dd496f5c6
qd498eb10,dd4c0119a
qd498eb10,dd4be4e3c
qd498eb10,dd4bcfc62
qd498eb10,dd4b87d18
qd498eb10,dd4bc0884
qd498eb10,dd4be45d6
qd498eb10,dd4b9f7f6
qd498fd94,dd4bf297e
qd498fd94,dd4c4749c
qd498fd94,dd4c25860
qd498fd94,dd4c5d35a
qd498fd94,dd4bbeb7e
qd498fd94,dd4bc4eb6
qd496fa58,dd496faa8
qd496fa58,dd4bcde76
qd496fa58,dd4be3da2
qd496fa58,dd4b971e6
qd496fa58,dd4bacda2
qd496fa58,dd4b8eece
qd496fa58,dd4c36fde
qd496fa58,dd4c65c30
qd4981640,dd4be0184
qd4981640,dd4bbab00
qd4981640,dd4bb2f36
qd4981640,dd4c1938a
qd4981640,dd4bef5da
qd4981640,dd4bcd2e6
qd4981640,dd4bdb56c
qd4981640,dd4be409a
qd497eb2a,dd4bc62ca
qd497eb2a,dd4bdc296
qd497eb2a,dd4984020
qd497eb2a,dd4baad2c
qd497eb2a,dd4bdeac8
qd497eb2a,dd4ba8f36
qd497eb2a,dd4988f26
qd497eb2a,dd4c20130
qd497eb2a,dd4976808
qd496cfc4,dd496d014
qd496cfc4,dd4c11518
qd496cfc4,dd4be5d3c
qd496cfc4,dd4be2196
qd496cfc4,dd497354a
qd496cfc4,dd4c09098
qd496cfc4,dd496d30c
qd496cfc4,dd4bcd94e
qd496cfc4,dd4c2a40a
qd497d5c2,dd4b88aa6
qd497d5c2,dd4beb516
qd497d5c2,dd4b8e802
qd497d5c2,dd4c4749c
qd497d5c2,dd4bc4eb6
qd497d5c2,dd4c25860
qd497d5c2,dd4ba6eac
qd497d5c2,dd4c18b10
qd497d5c2,dd4bd0a18
qd497d964,dd4bca168
qd497d964,dd49763da
qd497d964,dd4bda02c
qd497d964,dd4c117c0
qd497d964,dd4be8910
qd497d964,dd4be7d3a
qd497d964,dd4c002fe
qd497d964,dd4c25324
qd497729e,dd4971178
qd497729e,dd4c3e590
qd497729e,dd4be0a9e
qd497729e,dd4bb6a78
qd497729e,dd4bd0d60
qd497729e,dd4b92a2e
qd497729e,dd4bf1722
qd49813d4,dd4c5ec82
qd49813d4,dd4bb3d8c
qd49813d4,dd4c55484
qd49813d4,dd4c4f930
qd49813d4,dd4c5d0f8
qd49813d4,dd498628a
qd49813d4,dd4be9e5a
qd49813d4,dd4c04b4c
qd496df14,dd4bd7db8
qd496df14,dd4b9e068
qd496df14,dd4b95bc0
qd496df14,dd4bf481e
qd496df14,dd4bf8c16
qd496df14,dd4bcc1f2
qd496df14,dd4b91d40
qd496df14,dd4b97600
qd4973d42,dd4b89ff0
qd4973d42,dd4973d88
qd4973d42,dd4bc6b26
qd4973d42,dd4bad842
qd4973d42,dd4975c1e
qd4973d42,dd496d938
qd4973d42,dd4bcf794
qd4973d42,dd4c5c3b0
qd4973d42,dd496e554
qd49704da,dd4c32a74
qd49704da,dd4b9ac88
qd49704da,dd4c4af66
qd49704da,dd4b8f324
qd49704da,dd4ba0eee
qd49704da,dd4bf297e
qd49704da,dd4c52f04
qd49704da,dd497e4cc
qd497cc6c,dd497692a
qd497cc6c,dd497ccb2
qd497cc6c,dd4bdd286
qd497cc6c,dd4b937e4
qd497cc6c,dd4bad842
qd497cc6c,dd4ba0ca0
qd497cc6c,dd4bab2f4
qd497cc6c,dd4c0e6ec
qd497cc6c,dd4c04f66
qd496e374,dd4b8e64a
qd496e374,dd4c195b0
qd496e374,dd4c37dd0
qd496e374,dd4bda02c
qd496e374,dd4bd5d88
qd496e374,dd4c00844
qd496e374,dd4989e76
qd496e374,dd4c4af66
qd496e374,dd4bd7926
qd4975cf0,dd4b88aa6
qd4975cf0,dd4b91d40
qd4975cf0,dd4bd7db8
qd4975cf0,dd4c40034
qd4975cf0,dd4b9c40c
qd4975cf0,dd4b8e802
qd4975cf0,dd4ba299c
qd4975cf0,dd4c25860
qd4975cf0,dd4bc4eb6
qd4983fc6,dd4984020
qd4983fc6,dd4ba8f36
qd4983fc6,dd4bdeac8
qd4983fc6,dd4bc62ca
qd4983fc6,dd4976808
qd4983fc6,dd4baad2c
qd4983fc6,dd4b94ce8
qd4983fc6,dd4b9a08a
qd4983ea4,dd4c5ec82
qd4983ea4,dd4bb3d8c
qd4983ea4,dd4c121fc
qd4983ea4,dd4b981e0
qd4983ea4,dd498628a
qd4983ea4,dd4c4f930
qd4983ea4,dd4c04b4c
qd4983ea4,dd4c5d0f8
qd4983ea4,dd4c55484
qd49879d2,dd4bdeac8
qd49879d2,dd4984020
qd49879d2,dd4c13c64
qd49879d2,dd4bb51aa
qd49879d2,dd4ba8f36
qd49879d2,dd4c52d60
qd49879d2,dd4b928a8
qd49879d2,dd4bfa78c
qd4987266,dd49872ac
qd4987266,dd4c354a4
qd4987266,dd4c608ac
qd4987266,dd4c37cfe
qd4987266,dd4c465a6
qd4987266,dd4c2843e
qd4987266,dd4c09098
qd4980204,dd497477e
qd4980204,dd4c4c636
qd4980204,dd4bb9e4e
qd4980204,dd4c07df6
qd4980204,dd4bb2d7e
qd4980204,dd4be643a
qd4980204,dd4be6cb4
qd4980204,dd4ba1ef2
qd4980204,dd4b8705c
qd4980204,dd4b8db3c
qd4972c76,dd4989e76
qd4972c76,dd4b8e64a
qd4972c76,dd4bda02c
qd4972c76,dd4c195b0
qd4972c76,dd4c00056
qd4972c76,dd4c37dd0
qd4972c76,dd4b9ec5c
qd4972c76,dd4ba043a
qd498f858,dd496cbc8
qd498f858,dd4bf0cc8
qd498f858,dd4b90f4e
qd498f858,dd4b96e3a
qd498f858,dd4c1edb2
qd498f858,dd4c1cc9c
qd498f858,dd4bcc45e
qd498f858,dd4c4d720
qd4987c84,dd49869a6
qd4987c84,dd4bee9d2
qd4987c84,dd4bb8602
qd4987c84,dd4c131e2
qd4987c84,dd4b9a152
qd4987c84,dd4c187be
qd4987c84,dd4bf49c2
qd497c672,dd497c6ae
qd497c672,dd4c11b12
qd497c672,dd4c26738
qd497c672,dd4b88498
qd497c672,dd4b91d40
qd497c672,dd4bd7db8
qd497c672,dd4bfb808
qd497c672,dd4bf91ac
qd498764e,dd4bccb34
qd498764e,dd4c60992
qd498764e,dd4bfae9e
qd498764e,dd4b982d0
qd498764e,dd4c4d108
qd498764e,dd4bcef88
qd498764e,dd4976010
qd498764e,dd4bb82e2
qd4978f04,dd4bfd69e
qd4978f04,dd4978f5e
qd4978f04,dd4be2b32
qd4978f04,dd4c31ebc
qd4978f04,dd4b8b4d6
qd4978f04,dd49889a4
qd4978f04,dd4c4e62a
qd4978f04,dd4c2cb10
qd4978f04,dd4c1d62e
qd4978f04,dd4bea9d6
qd49767c2,dd4c4fc1e
qd49767c2,dd4bcdcaa
qd49767c2,dd4b9ec5c
qd49767c2,dd4c339ec
qd49767c2,dd4c26850
qd49767c2,dd4bce3c6
qd49767c2,dd4bea09e
qd49767c2,dd4bbce6e
qd49767c2,dd4c558b2
qd498f9c0,dd4bd1c42
qd498f9c0,dd4c648e4
qd498f9c0,dd4b9306e
qd498f9c0,dd4983698
qd498f9c0,dd4bafa8e
qd498f9c0,dd4ba9f94
qd498f9c0,dd4bb42d2
qd498f9c0,dd496f77e
qd498f9c0,dd4c537a6
qd497d39c,dd4972b86
qd497d39c,dd4baed28
qd497d39c,dd497774e
qd497d39c,dd4bad4e6
qd497d39c,dd4c42172
qd497d39c,dd4c5a20e
qd497d39c,dd4970944
qd497d39c,dd4bc2e5e
qd497d39c,dd4ba5d86
qd498540c,dd496d15e
qd498540c,dd4baa548
qd498540c,dd4bd002c
qd498540c,dd497848c
qd498540c,dd4985452
qd498540c,dd4bd0162
qd498540c,dd4c3af26
qd498540c,dd4c26dbe
qd498540c,dd4bbc040
qd4988d64,dd4bf094e
qd4988d64,dd4ba302c
qd4988d64,dd4ba8662
qd4988d64,dd4974328
qd4982a22,dd4b973b2
qd4982a22,dd4982158
qd4982a22,dd4bb5506
qd4982a22,dd4bdf78e
qd4982a22,dd4ba7a78
qd4982a22,dd4c0d670
qd4982a22,dd498b1f4
qd4982a22,dd4b8fd10
qd4982a22,dd4bc75f8
qd496fe5e,dd4bf7a0a
qd496fe5e,dd4c4ae80
qd496fe5e,dd4b9d80c
qd496fe5e,dd4c2d970
qd496fe5e,dd496fea4
qd496fe5e,dd4c5f894
qd496fe5e,dd4bbeb7e
qd4984912,dd4b86b98
qd4984912,dd4c20c52
qd4984912,dd4ba660a
qd4984912,dd4bafd54
qd4984912,dd4bbfb96
qd4984912,dd4b9045e
qd4984912,dd497567e
qd4984912,dd4c56316
qd4984912,dd4c04c14
qd497d7e8,dd497d842
qd497d7e8,dd4c159ec
qd497d7e8,dd4c247c6
qd497d7e8,dd4c57860
qd497d7e8,dd4bd153a
qd497d7e8,dd4ba6754
qd497d7e8,dd4c4f5de
qd497d7e8,dd4983832
qd497d7e8,dd4c2add8
qd4985556,dd4b8b4d6
qd4985556,dd4bfd69e
qd4985556,dd49889a4
qd4985556,dd4c2663e
qd4985556,dd4c4e62a
qd4985556,dd4bd711a
qd4985556,dd4c2cb10
qd4985556,dd4bd2bd8
qd4985556,dd4c111ee
qd498efb6,dd49781f8
qd498efb6,dd4bb216c
qd498efb6,dd4b933fc
qd498efb6,dd4bcf794
qd498efb6,dd4bcc1f2
qd498efb6,dd4be27ae
qd497bbdc,dd4c4d626
qd497bbdc,dd4c4c208
qd497bbdc,dd4b87d18
qd497bbdc,dd4bd9096
qd497bbdc,dd4b8dd76
qd497bbdc,dd4bd2250
qd497bbdc,dd4bc4b46
qd497bbdc,dd4b9f7f6
qd498d30a,dd4b9dc1c
qd498d30a,dd4bb655a
qd498d30a,dd4bb3b48
qd498d30a,dd4bb416a
qd498d30a,dd496e694
qd498d30a,dd4c2bb20
qd498d30a,dd4bb0de4
qd498d30a,dd4bc9bbe
qd498d30a,dd4b8d65a
qd498a826,dd49869a6
qd498a826,dd4bee9d2
qd498a826,dd4bb8602
qd498a826,dd4c131e2
qd498a826,dd4b9a152
qd498a826,dd4bfabec
qd498a826,dd4bc9326
qd497e5a8,dd4bcbde2
qd497e5a8,dd4c03b7a
qd497e5a8,dd497e602
qd497e5a8,dd4be17fa
qd497e5a8,dd4bed492
qd497e5a8,dd4bad842
qd497e5a8,dd4bbd5e4
qd497e5a8,dd4bacaf0
qd498e282,dd49785cc
qd498e282,dd4b9ee6e
qd498e282,dd497567e
qd498e282,dd4c5eb9c
qd498e282,dd4bf4666
qd498e282,dd4c1fdac
qd498e282,dd4c59dea
qd498e282,dd4c22ebc
qd496f2b0,dd4b8761a
qd496f2b0,dd4c397b6
qd496f2b0,dd4bed5aa
qd496f2b0,dd4b926f0
qd496f2b0,dd4b9d410
qd496f2b0,dd4c2dccc
qd496f2b0,dd4c1d1ec
qd496f2b0,dd4b9b4c6
qd496f2b0,dd4bfc5c8
qd4970778,dd49707dc
qd4970778,dd4c63b10
qd4970778,dd4bc2d32
qd4970778,dd4b8bf1c
qd4970778,dd4bf31da
qd498fbaa,dd4c596a6
qd498fbaa,dd4b91e44
qd498fbaa,dd4970516
qd498fbaa,dd496f454
qd498fbaa,dd4bc0f5a
qd498fbaa,dd4bd3d9e
qd498fbaa,dd4c1cbb6
qd498fbaa,dd4bd7f7a
qd498fbaa,dd4bd2bd8
qd4976fc4,dd4976a9c
qd4976fc4,dd4be4e3c
qd4976fc4,dd4bc7c60
qd4976fc4,dd4b87d18
qd4976fc4,dd4b9f7f6
qd4976fc4,dd4be45d6
qd4976fc4,dd4bac046
qd4976fc4,dd4980a42
qd4984fac,dd4bfdaea
qd4984fac,dd4c545b6
qd4984fac,dd4b8dd76
qd4984fac,dd4c51064
qd4984fac,dd4ba02f0
qd4984fac,dd4bcff28
qd4984fac,dd4bc1b94
qd4984fac,dd4ba1ace
qd4984fac,dd4c4cd52
qd49886d4,dd4ba398c
qd49886d4,dd4c2578e
qd49886d4,dd4c38e74
qd49886d4,dd4c57766
qd49886d4,dd4974062
qd49886d4,dd4bd595a
qd49886d4,dd4984962
qd49886d4,dd4bb50d8
qd497a0fc,dd4b9907c
qd497a0fc,dd4b95602
qd497a0fc,dd4bdb21a
qd497a0fc,dd4c322cc
qd497a0fc,dd4c548ea
qd497a0fc,dd4c58382
qd4983918,dd497da9a
qd4983918,dd497340a
qd4983918,dd4c0f696
qd4983918,dd4c33230
qd4983918,dd4c4a2c8
qd4983918,dd4b953dc
qd4983918,dd4bf31da
qd4983918,dd4bd4262
qd497b650,dd497b6a0
qd497b650,dd4c44684
qd497b650,dd4bde186
qd497b650,dd4c57c52
qd497b650,dd4be2c5e
qd497b650,dd4c5fd4e
qd497b650,dd4b8ea14
qd497b650,dd4bc2d32
qd497b650,dd4bb4610
qd498bcda,dd4bc8c64
qd498bcda,dd4979b84
qd498bcda,dd4bbb564
qd498bcda,dd4c194a2
qd498bcda,dd4bcfc62
qd498bcda,dd4b8ef96
qd498bcda,dd4bcbb1c
qd498bcda,dd4b95daa
qd498bcda,dd4980f7e
qd4981776,dd4b8bf1c
qd4981776,dd4b8ef96
qd4981776,dd4b8ebcc
qd4981776,dd4b89762
qd498e372,dd4c37dd0
qd498e372,dd4b9f292
qd498e372,dd4c346bc
qd498e372,dd4beaaee
qd498e372,dd497d298
qd498e372,dd4b8ce1c
qd498e372,dd497587c
qd498e372,dd498af42
qd496e64e,dd4bb416a
qd496e64e,dd4b8d65a
qd496e64e,dd4c4d824
qd496e64e,dd496e694
qd496e64e,dd4bdac8e
qd496e64e,dd4c55cc2
qd496e64e,dd4b8d844
qd496e64e,dd4bc5dac
qd496e64e,dd4bc9bbe
qd496e64e,dd4b952d8
qd49708fe,dd4c42172
qd49708fe,dd4c5a20e
qd49708fe,dd4970944
qd49708fe,dd4baa23c
qd49708fe,dd497e760
qd49708fe,dd4bbc8f6
qd49708fe,dd4c46150
qd49708fe,dd4bbde0e
qd498abe6,dd497875c
qd498abe6,dd497ff02
qd498abe6,dd4b87b10
qd498abe6,dd4c2acb6
qd498abe6,dd4c51b22
qd498abe6,dd4ba3590
qd498abe6,dd4c4d108
qd498abe6,dd4bdf78e
qd497d266,dd497d298
qd497d266,dd4b95602
qd497d266,dd4b9907c
qd497d266,dd4b8c5c0
qd497d266,dd4c4c726
qd497d266,dd4b8bf1c
qd497d266,dd4bc907e
qd497d266,dd4c598ea
qd497a84a,dd4973d88
qd497a84a,dd4bc6b26
qd497a84a,dd4b89ff0
qd497a84a,dd4be9c84
qd497a84a,dd4975c1e
qd497a84a,dd4bad842
qd497a84a,dd496d938
qd497a84a,dd4c5c3b0
qd497a84a,dd4b92f10
qd4983c4c,dd4c48b62
qd4983c4c,dd4ba4152
qd4983c4c,dd4ba8f36
qd4983c4c,dd4bdf95a
qd4983c4c,dd4c43efa
qd4983c4c,dd4bdeac8
qd4983c4c,dd4c20130
qd49714d4,dd4971510
qd49714d4,dd4c4c53c
qd49714d4,dd4b894d8
qd49714d4,dd4bb10f0
qd49714d4,dd4b8dc72
qd49714d4,dd4c0f696
qd49714d4,dd4c16536
qd49714d4,dd4b8b15c
qd49714d4,dd4c5304e
qd498f204,dd4c51b22
qd498f204,dd4bd6166
qd498f204,dd4bce6be
qd498f204,dd4c42c8a
qd498f204,dd4b98c76
qd498f204,dd4ba2316
qd498f204,dd4b979de
qd498f204,dd4c4d108
qd498f204,dd4be3da2
qd497dcde,dd4c55cc2
qd497dcde,dd496e694
qd497dcde,dd4b8d65a
qd497dcde,dd4b952d8
qd497dcde,dd4bb416a
qd497dcde,dd4bc86ce
qd497dcde,dd4bf1722
qd497dcde,dd4bdac8e
qd497dcde,dd4c002fe
qd497dcde,dd4c0518c
qd497f9bc,dd497b9d4
qd497f9bc,dd4bbf380
qd497f9bc,dd4c528e2
qd497f9bc,dd4bef5da
qd497f9bc,dd4bde83e
qd497f9bc,dd4970aa2
qd497f9bc,dd4bb7270
qd497f9bc,dd4c5007e
qd497f9bc,dd4b9ec5c
qd497f9bc,dd4be8866
qd496cb6e,dd4c1edb2
qd496cb6e,dd4b96e3a
qd496cb6e,dd496cbc8
qd496cb6e,dd4bd1d0a
qd496cb6e,dd4bfda0e
qd496cb6e,dd4c4d720
qd496cb6e,dd4bc5e74
qd496cb6e,dd4bcb1a8
qd497ec92,dd497d298
qd497ec92,dd4c5bdf2
qd497ec92,dd4bbc040
qd497ec92,dd49707dc
qd497ec92,dd4bedfe6
qd497ec92,dd49797ec
qd497ec92,dd4b8bf1c
qd497ec92,dd4c63b10
qd496d8f2,dd4be17fa
qd496d8f2,dd496d938
qd496d8f2,dd4b912fa
qd496d8f2,dd4ba91e8
qd496d8f2,dd4ba3e6e
qd496d8f2,dd4b90ada
qd496d8f2,dd4be0b84
qd496d8f2,dd4bcce18
qd496d8f2,dd4bbff2e
qd498103c,dd4981082
qd498103c,dd4bc2044
qd498103c,dd4bfa78c
qd498103c,dd4c0c518
qd498103c,dd4c1cc9c
qd498103c,dd4bec2fe
qd498103c,dd4b993ba
qd498103c,dd4bb2f36
qd498103c,dd49899f8
qd498043e,dd4c0e6ec
qd498043e,dd4beb624
qd498043e,dd4c4db9e
qd498043e,dd4becf7e
qd498043e,dd4bc654a
qd498043e,dd4ba057a
qd498043e,dd4b87796
qd498043e,dd4bc5e74
qd4980f24,dd4b86b98
qd4980f24,dd4bcbcf2
qd4980f24,dd4bc8c64
qd4980f24,dd4b9a788
qd4980f24,dd4b8e2a8
qd4980f24,dd4b8ebcc
qd4980f24,dd4c1bb3a
qd4977be0,dd4977c4e
qd4977be0,dd4971178
qd4977be0,dd4bd0d60
qd4977be0,dd4b92a2e
qd4977be0,dd4c3e590
qd4977be0,dd4ba8144
qd4977be0,dd4c3d690
qd4977be0,dd4bb6a78
qd498a100,dd4984962
qd498a100,dd4c098ea
qd498a100,dd4bb8b20
qd498a100,dd4b8ebcc
qd498a100,dd4b9d19a
qd498a100,dd4bc8c64
qd498a100,dd4bb0038
qd498a100,dd4bbb564
qd4975fb6,dd4bccb34
qd4975fb6,dd4c60992
qd4975fb6,dd4bfae9e
qd4975fb6,dd4b982d0
qd4975fb6,dd4c4d108
qd4975fb6,dd4bcef88
qd4975fb6,dd4976010
qd4975fb6,dd4bb82e2
qd49763a8,dd49763da
qd49763a8,dd4bbc8f6
qd49763a8,dd4bda02c
qd49763a8,dd497a3f4
qd49763a8,dd4bca168
qd49763a8,dd4c4bc68
qd49763a8,dd4c25324
qd49763a8,dd4be7d3a
qd49763a8,dd4ba5d86
qd4985f56,dd4985fd8
qd4985f56,dd4c2d740
qd4985f56,dd4b8883a
qd4985f56,dd4ba9a94
qd4985f56,dd4bc774c
qd4985f56,dd498e52a
qd4985f56,dd4bce3c6
qd4983652,dd4983698
qd4983652,dd4bd1c42
qd4983652,dd4bc04e2
qd4983652,dd4c178a0
qd4983652,dd4c25efa
qd4983652,dd4c5d80a
qd4983652,dd4bb42d2
qd4983652,dd4ba9f94
qd4983652,dd4bc314c
qd4975822,dd496d7c6
qd4975822,dd497587c
qd4975822,dd4c5adf8
qd4975822,dd4c195b0
qd4975822,dd4c4af66
qd4975822,dd496fd78
qd4975822,dd4c323bc
qd4975822,dd4b9f152
qd49846ec,dd4b9f292
qd49846ec,dd4b9ec5c
qd49846ec,dd4bde83e
qd49846ec,dd4bef5da
qd49846ec,dd4bf3ee6
qd49846ec,dd4bd05a4
qd49846ec,dd4c00844
qd49846ec,dd4c346bc
qd49798f0,dd4bad4e6
qd49798f0,dd4972b86
qd49798f0,dd4baed28
qd49798f0,dd497774e
qd49798f0,dd4c3c8e4
qd49798f0,dd498628a
qd49798f0,dd496fd78
qd49798f0,dd4c1f136
qd49798f0,dd4b9b232
qd49798f0,dd4c364c6
qd497c3de,dd4c42172
qd497c3de,dd4c5a20e
qd497c3de,dd4970944
qd497c3de,dd4bbde0e
qd497c3de,dd4baa23c
qd497c3de,dd497e760
qd497c3de,dd4bbc8f6
qd497c3de,dd4c01ae6
qd4974012,dd4974062
qd4974012,dd4bb4796
qd4974012,dd4c57766
qd4974012,dd4c38e74
qd4974012,dd4bb50d8
qd4974012,dd4c5141a
qd4974012,dd4c3e3e2
qd4987018,dd4972226
qd4987018,dd4ba9d28
qd4987018,dd4bbe1b0
qd4987018,dd4be90a4
qd4987018,dd4bf791a
qd4987018,dd4bf8c16
qd4987018,dd4b94266
qd4987018,dd4ba534a
qd4987018,dd4c39c3e
qd498b06e,dd4c030c6
qd498b06e,dd4c5fd4e
qd498b06e,dd49891e2
qd498b06e,dd4c4dea0
qd498b06e,dd4bb9b92
qd498b06e,dd4b87340
qd498b06e,dd4bc654a
qd498b06e,dd49707dc
qd49860dc,dd4975e94
qd49860dc,dd4b8b29c
qd49860dc,dd4b8e64a
qd49860dc,dd4b8be0e
qd49860dc,dd4c20c52
qd49860dc,dd4ba83ec
qd49860dc,dd4b88498
qd49860dc,dd4bcd872
qd49860dc,dd496d15e
qd498aee8,dd497d298
qd498aee8,dd4c346bc
qd498aee8,dd4ba5fa2
qd498aee8,dd4b9e234
qd498aee8,dd4ba122c
qd498aee8,dd498af42
qd498aee8,dd4bb4da4
qd498aee8,dd4c37dd0
qd498aee8,dd4b8c5c0
qd497f0a2,dd496dc80
qd497f0a2,dd4bcd5f2
qd497f0a2,dd4be687c
qd497f0a2,dd4c093a4
qd497f0a2,dd4c109d8
qd497f0a2,dd496daaa
qd497f0a2,dd4b96a84
qd497f0a2,dd496ddd4
qd4972f78,dd4972fd2
qd4972f78,dd4bea698
qd4972f78,dd4bd8682
qd4972f78,dd4b9cfc4
qd4972f78,dd4bb25d6
qd4972f78,dd4beeb30
qd4972f78,dd4bed97e
qd4972f78,dd4bfd69e
qd49768da,dd497ccb2
qd49768da,dd497692a
qd49768da,dd4bdd286
qd49768da,dd4ba0ca0
qd49768da,dd4b91048
qd49768da,dd4b937e4
qd49768da,dd4b98c76
qd49768da,dd4c04f66
qd49768da,dd4c0e6ec
qd498a218,dd4c2a0d6
qd498a218,dd4c5739c
qd498a218,dd4c65154
qd498a218,dd4988c1a
qd498a218,dd4bce3c6
qd498a218,dd4c53d0a
qd498a218,dd4bc1144
qd498a218,dd4bc2440
qd4970bd8,dd4bc7eb8
qd4970bd8,dd4c08bd4
qd4970bd8,dd4bb90d4
qd4970bd8,dd4970c32
qd4970bd8,dd4c24e1a
qd4970bd8,dd4ba7f28
qd4970bd8,dd4c2c872
qd4970bd8,dd4bff354
qd4970bd8,dd4c0fb0a
qd497780c,dd4c0fb0a
qd497780c,dd4bae31e
qd497780c,dd4b9a788
qd497780c,dd4bbae02
qd497780c,dd4c52d60
qd497780c,dd4b894d8
qd497780c,dd4c60992
qd4980c18,dd4c51b22
qd4980c18,dd4c1e8a8
qd4980c18,dd4c393a6
qd4980c18,dd4b8c6e2
qd4980c18,dd4bda630
qd4980c18,dd4be8866
qd4980c18,dd4bab2f4
qd4980c18,dd4bb25d6
qd4980c18,dd497a3f4
qd4984214,dd497e602
qd4984214,dd4c0289c
qd4984214,dd4c2e726
qd4984214,dd4b951e8
qd4984214,dd4bdcb24
qd4984214,dd4bed492
qd4984214,dd4c03b7a
qd4984214,dd4ba73ca
qd4984214,dd4c0e49e
qd497ef44,dd4c545b6
qd497ef44,dd4bccb34
qd497ef44,dd4bfae9e
qd497ef44,dd4b9a788
qd497ef44,dd4b982d0
qd497ef44,dd4bcbcf2
qd497ef44,dd4bcef88
qd496da50,dd4bf094e
qd496da50,dd4beb840
qd496da50,dd4b8f324
qd496da50,dd4974328
qd496da50,dd4ba8662
qd496dd84,dd4c5ec82
qd496dd84,dd4bb3d8c
qd496dd84,dd4b9687c
qd496dd84,dd4bca276
qd496dd84,dd497d70c
qd496dd84,dd4be687c
qd496dd84,dd4bccc06
qd496dd84,dd4c121fc
qd4977f3c,dd4bb78a6
qd4977f3c,dd4b91d40
qd4977f3c,dd4bd7db8
qd4977f3c,dd4bf3770
qd4977f3c,dd496f454
qd4977f3c,dd4bdd420
qd4977f3c,dd4bd1de6
qd4977f3c,dd498682a
qd496d596,dd4b87d18
qd496d596,dd4b9f7f6
qd496d596,dd4bb016e
qd496d596,dd4bb0bb4
qd496d596,dd4c4d626
qd496d596,dd4bf84f0
qd496d596,dd4980a42
qd496d596,dd4c4fb38
qd4990190,dd4b94b76
qd4990190,dd4bec0ec
qd4990190,dd4c6501e
qd4990190,dd49901cc
qd4990190,dd4c4c91a
qd4990190,dd4c08e0e
qd4990190,dd4980a42
qd4990190,dd4b9f7f6
qd4990190,dd4be45d6
qd496d758,dd4980772
qd496d758,dd4ba71ae
qd496d758,dd4bc899e
qd496d758,dd4b92d62
qd496d758,dd4b920e2
qd496d758,dd4b9af30
qd496d758,dd4bdc4da
qd496d758,dd4bf1cfe
qd496d758,dd4bc82c8
qd497264a,dd49749cc
qd497264a,dd4bc45a6
qd497264a,dd4bbd300
qd497264a,dd4c17616
qd497264a,dd4c5a7ea
qd497264a,dd4bdb65c
qd497264a,dd4bf094e
qd497264a,dd4bce1c8
qd497264a,dd4974328
qd49863d4,dd4c3b106
qd49863d4,dd4bc9a9c
qd49863d4,dd4986424
qd49863d4,dd4bcd5f2
qd49863d4,dd4bed5aa
qd49863d4,dd4b9436a
qd49863d4,dd4b9d410
qd49863d4,dd4b98d7a
qd49863d4,dd4b8761a
qd498c194,dd4c37dd0
qd498c194,dd4b9f292
qd498c194,dd497d298
qd498c194,dd4c346bc
qd498c194,dd4beaaee
qd498c194,dd4c323bc
qd498c194,dd4b8ce1c
qd498c194,dd4b9e234
qd498f6f0,dd4b9c33a
qd498f6f0,dd4bbb276
qd498f6f0,dd4bac726
qd498f6f0,dd4bd7228
qd498f6f0,dd4c01ae6
qd498f6f0,dd4baa23c
qd498f6f0,dd4bb25d6
qd497b11e,dd4c2cb10
qd497b11e,dd4c50f60
qd497b11e,dd4bb6b4a
qd497b11e,dd4bfd69e
qd497b11e,dd4bb5efc
qd497b11e,dd4be2b32
qd497b11e,dd4bcd94e
qd497b11e,dd4c31ebc
qd497b11e,dd497354a
qd496d2b2,dd4baa084
qd496d2b2,dd496d30c
qd496d2b2,dd4c2e726
qd496d2b2,dd4bcbde2
qd496d2b2,dd4bca352
qd496d2b2,dd4b951e8
qd496d2b2,dd4bacaf0
qd496d2b2,dd4bed492
qd496d2b2,dd4bd65e4
qd496e252,dd4bcdcaa
qd496e252,dd4c2568a
qd496e252,dd4c5cebe
qd496e252,dd4c323bc
qd496e252,dd49797ec
qd496e252,dd4bee874
qd497019c,dd4beb840
qd497019c,dd4bf094e
qd497019c,dd4b8f324
qd497019c,dd4ba8662
qd497019c,dd4c5e502
qd497019c,dd4c248b6
qd497019c,dd4bb3ea4
qd497019c,dd4974328
qd497bf38,dd4971510
qd497bf38,dd4c4c53c
qd497bf38,dd4b894d8
qd497bf38,dd4c5e6d8
qd497bf38,dd4ba1c86
qd497bf38,dd4bbc202
qd497bf38,dd4b8b15c
qd497bf38,dd4970944
qd497bf38,dd4c16536
qd49733ce,dd4b87d18
qd49733ce,dd4be45d6
qd49733ce,dd4bd2250
qd49733ce,dd4b9f7f6
qd49733ce,dd4c5614a
qd49733ce,dd4bbd4e0
qd49733ce,dd497b524
qd49730fe,dd4c49468
qd49730fe,dd4bd135a
qd49730fe,dd4b8a14e
qd49730fe,dd4bbce6e
qd49730fe,dd4bbcce8
qd49730fe,dd4ba8662
qd49730fe,dd4c248b6
qd4976632,dd4b88aa6
qd4976632,dd4bc32fa
qd4976632,dd4beb516
qd4976632,dd4bb1762
qd4976632,dd4b96ca0
qd4976632,dd4be8ec4
qd4976632,dd4c15da2
qd4976632,dd4bae530
qd4976632,dd4c28682
qd497dbb2,dd496dc80
qd497dbb2,dd4bf43a0
qd497dbb2,dd4b8bd14
qd497dbb2,dd4b9ba66
qd497dbb2,dd4ba75b4
qd497dbb2,dd4b8ab80
qd497dbb2,dd4c4ef80
qd497dbb2,dd4ba534a
qd497dbb2,dd4c5007e
qd498e02a,dd4bb3ea4
qd498e02a,dd4bce1c8
qd498e02a,dd4bb5d12
qd498e02a,dd4b9b93a
qd498e02a,dd4987a22
qd498e02a,dd4ba543a
qd498e02a,dd4bc729c
qd498e02a,dd4bd7b9c
qd498e02a,dd49749cc
qd498c572,dd4bfadae
qd498c572,dd4c36fde
qd498c572,dd4975250
qd498c572,dd4b8f1c6
qd498c572,dd4c24e1a
qd498c572,dd4ba7f28
qd498c572,dd4c42c8a
qd498c572,dd4bff354
qd498c7b6,dd4970944
qd498c7b6,dd497e760
qd498c7b6,dd4c51b22
qd498c7b6,dd4be3da2
qd498c7b6,dd4c46150
qd498c7b6,dd497a3f4
qd498c7b6,dd4c41a88
qd498c7b6,dd4bacda2
qd49764fc,dd4bacaf0
qd49764fc,dd4bcbde2
qd49764fc,dd4c2e726
qd49764fc,dd4bca352
qd49764fc,dd496ddd4
qd49764fc,dd4bb2b58
qd49764fc,dd4baa084
qd49764fc,dd496d30c
qd49764fc,dd4ba72a8
qd49754ee,dd4c1ca1c
qd49754ee,dd4b9cde4
qd49754ee,dd4bdc084
qd49754ee,dd4b9c33a
qd49754ee,dd4bcee8e
qd49754ee,dd4bc7eb8
qd49754ee,dd4b8eece
qd498a38a,dd4c195b0
qd498a38a,dd4b8e64a
qd498a38a,dd4b9d19a
qd498a38a,dd4989e76
qd498a38a,dd4c00844
qd498a38a,dd4c37dd0
qd498a38a,dd497d298
qd498a38a,dd4b9ec5c
qd498a38a,dd4bafd54
qd498e4da,dd498e52a
qd498e4da,dd4bc774c
qd498e4da,dd4baf3ea
qd498e4da,dd4bd4078
qd498e4da,dd4be1700
qd498e4da,dd4b92240
qd498e4da,dd4be966c
qd498e4da,dd4bebffc
qd498e4da,dd4bfec92
qd497ddba,dd4bcdcaa
qd497ddba,dd497d298
qd497ddba,dd4c44418
qd497ddba,dd4ba5fa2
qd497ddba,dd4bdb968
qd497ddba,dd4b8c5c0
qd497ddba,dd4c3b1d8
qd497ddba,dd4b89ac8
qd497ddba,dd4c346bc
qd497ac6e,dd4bbc8f6
qd497ac6e,dd4c4fec6
qd497ac6e,dd4c01ae6
qd497ac6e,dd4ba5d86
qd497ac6e,dd49763da
qd497ac6e,dd497e760
qd497ac6e,dd4c5a20e
qd497ac6e,dd4bc2e5e
qd497ac6e,dd4c42172
qd498bb90,dd4be9ad6
qd498bb90,dd4b92e48
qd498bb90,dd4bc15d6
qd498bb90,dd4b93e60
qd498bb90,dd4be9c84
qd498bb90,dd4972226
qd498bb90,dd4c51de8
qd498bb90,dd4bbb668
qd498bb90,dd4c19cae
qd49806fa,dd4c3a59e
qd49806fa,dd4ba398c
qd49806fa,dd4c2663e
qd49806fa,dd4bcbb1c
qd49806fa,dd4ba785c
qd49806fa,dd4bdb3be
qd49806fa,dd4c1bb3a
qd49806fa,dd4be3da2
qd49806fa,dd4c2403c
qd497ae62,dd4c1b19e
qd497ae62,dd4bc4c36
qd497ae62,dd4b8ac48
qd497ae62,dd4c465a6
qd497ae62,dd497aec6
qd497ae62,dd4c4cc62
qd497ae62,dd4be206a
qd497ae62,dd4be9ad6
qd497ae62,dd4bca6ea
qd4985b64,dd4982158
qd4985b64,dd4976a9c
qd4985b64,dd4c4c208
qd4985b64,dd4bf84f0
qd4985b64,dd4bac046
qd4985b64,dd4bac726
qd4985b64,dd497b9d4
qd4985b64,dd4bbb276
qd4985b64,dd4bc7c60
qd4988ff8,dd4b8b3f0
qd4988ff8,dd4bc000a
qd4988ff8,dd4b8d65a
qd4988ff8,dd4bec6e6
qd4988ff8,dd4c18b10
qd4988ff8,dd4b9d988
qd4988ff8,dd4c32a74
qd4988ff8,dd4bc5dac
qd49857c2,dd4bce6be
qd49857c2,dd4c63f0c
qd49857c2,dd4c42c8a
qd49857c2,dd4bbb848
qd49857c2,dd4c4a82c
qd49857c2,dd4bae31e
qd49857c2,dd498f254
qd49857c2,dd4ba2316
qd49857c2,dd4bbdbfc
qd497f2fa,dd4b9ec5c
qd497f2fa,dd4bf8c16
qd497f2fa,dd4b9f292
qd497f2fa,dd4c5c6e4
qd497f2fa,dd4c346bc
qd497f2fa,dd4bef5da
qd497f2fa,dd4c628b4
qd497f2fa,dd497d298
qd497f2fa,dd497f354
qd4980d76,dd4bf481e
qd4980d76,dd4b9e068
qd4980d76,dd4bf297e
qd4980d76,dd4bf8c16
qd4980d76,dd4b9ea7c
qd4980d76,dd4bcc1f2
qd4980d76,dd4c37cfe
qd4980d76,dd4b94266
qd498664a,dd4c4a82c
qd498664a,dd4bec3f8
qd498664a,dd4bc783c
qd498664a,dd4980c68
qd498664a,dd4ba2eba
qd498664a,dd4bb407a
qd498664a,dd4be858c
qd498664a,dd4bce6be
qd498664a,dd4b91c64
qd498b85c,dd4bfb0c4
qd498b85c,dd4bbb564
qd498b85c,dd4c4ca28
qd498b85c,dd4b8e4d8
qd498b85c,dd4c040c0
qd498b85c,dd4c032c4
qd498b85c,dd4c5f3b2
qd498b85c,dd4bb027c
qd497c15e,dd4c596a6
qd497c15e,dd4bb43c2
qd497c15e,dd4bc0f5a
qd497c15e,dd4bd3d9e
qd497c15e,dd4bb5402
qd497c15e,dd4bc9a9c
qd497c15e,dd496f454
qd497c15e,dd4ba2654
qd497915c,dd4bcd6a6
qd497915c,dd4c44e90
qd497915c,dd4bb4796
qd497915c,dd4bb3648
qd497915c,dd49791ac
qd497915c,dd4bd103a
qd497915c,dd4be9d60
qd497915c,dd497a796
qd4974ac6,dd4c2843e
qd4974ac6,dd4c37cfe
qd4974ac6,dd4c57946
qd4974ac6,dd4974b0c
qd4974ac6,dd4c14a24
qd4974ac6,dd4bf481e
qd4974ac6,dd4bf297e
qd4974ac6,dd4be409a
qd4976b96,dd4c4c53c
qd4976b96,dd4971510
qd4976b96,dd4b894d8
qd4976b96,dd4ba1c86
qd4976b96,dd4c16536
qd4976b96,dd4c5e6d8
qd4976b96,dd4bb10f0
qd4976b96,dd4bbc202
qd4976b96,dd4970944
qd4976b96,dd4c08e0e
qd4980b0a,dd497c06e
qd4980b0a,dd4bcd872
qd4980b0a,dd4bf91ac
qd4980b0a,dd4bbd8a0
qd4980b0a,dd4c18b10
qd4980b0a,dd4be9e5a
qd4980b0a,dd4bb3814
qd4980b0a,dd4bbc8f6
qd498e174,dd4c4fc1e
qd498e174,dd4b9ec5c
qd498e174,dd4bcdcaa
qd498e174,dd4b9f292
qd498e174,dd49797ec
qd498e174,dd4c5d6ca
qd498e174,dd496ca2e
qd498e174,dd4c323bc
qd497611e,dd4bc0f5a
qd497611e,dd4c339ec
qd497611e,dd496ca2e
qd497611e,dd4bcdcaa
qd497611e,dd4b9ec5c
qd497611e,dd4ba122c
qd497611e,dd4bce3c6
qd497611e,dd4c4b18c
qd4989520,dd4bfb0c4
qd4989520,dd4c5f3b2
qd4989520,dd4b8e4d8
qd4989520,dd4c0ad08
qd4989520,dd4c032c4
qd4989520,dd4be9e5a
qd4989520,dd4bac14a
qd4989520,dd4bc314c
qd4989520,dd4c040c0
qd4976a60,dd4bc7b52
qd4976a60,dd496fc06
qd4976a60,dd4c4ee72
qd4976a60,dd4b8f518
qd4976a60,dd4bc7c60
qd4976a60,dd4976a9c
qd4976a60,dd496d5d2
qd4976a60,dd4bba6b4
qd4976a60,dd4bd4820
qd4976a60,dd4bb7108
qd497f700,dd4c596a6
qd497f700,dd4bb78a6
qd497f700,dd4bb43c2
qd497f700,dd4bd1de6
qd497f700,dd4bf3770
qd497f700,dd4bc0f5a
qd497f700,dd4bb5402
qd497f700,dd4bd7db8
qd497f700,dd496f454
qd4982b3a,dd4c4c53c
qd4982b3a,dd4971510
qd4982b3a,dd4b894d8
qd4982b3a,dd4c16536
qd4982b3a,dd4c08e0e
qd4982b3a,dd4ba1c86
qd4982b3a,dd4bb10f0
qd4982b3a,dd4b8b15c
qd4982b3a,dd497b524
qd4982b3a,dd4c4a2c8
qd497e238,dd4982158
qd497e238,dd4c5614a
qd497e238,dd4bd2250
qd497e238,dd4bbd4e0
qd497e238,dd4b9405e
qd497e238,dd4bb5506
qd497e238,dd4b885a6
qd497e238,dd4c4c208
qd497e238,dd4c08e0e
qd498984a,dd4c247c6
qd498984a,dd4bd153a
qd498984a,dd497d842
qd498984a,dd4c159ec
qd498984a,dd4b86b98
qd498984a,dd4be50b2
qd498984a,dd4c57860
qd498984a,dd4ba6754
qd498984a,dd498989a
qd4990050,dd4c5bc8a
qd4990050,dd49737c0
qd4990050,dd4bc2440
qd4990050,dd4c391d0
qd4990050,dd4c3ee78
qd4990050,dd4977456
qd4990050,dd4bb9458
qd49702b4,dd4bb6c12
qd49702b4,dd4b89dc0
qd49702b4,dd497848c
qd49702b4,dd4bcd872
qd49702b4,dd4c322cc
qd497ad40,dd4c66176
qd497ad40,dd4b94ed2
qd497ad40,dd4bd73ea
qd497ad40,dd4b9445a
qd497ad40,dd497ad9a
qd497ad40,dd4bbe1b0
qd497ad40,dd4ba534a
qd497ad40,dd4ba9d28
qd497ad40,dd4b8a14e
qd498eea8,dd497d70c
qd498eea8,dd4b895c8
qd498eea8,dd4c32b8c
qd498eea8,dd4c326a0
qd498eea8,dd4b87fde
qd498eea8,dd4ba4ad0
qd498eea8,dd4c52c70
qd498eea8,dd49753cc
qd497fade,dd4ba398c
qd497fade,dd4c2578e
qd497fade,dd4c38e74
qd497fade,dd4974062
qd497fade,dd4bcbb1c
qd497fade,dd4bd595a
qd497fade,dd4c57766
qd497fade,dd4c2403c
qd498dcd8,dd4975e94
qd498dcd8,dd4b8be0e
qd498dcd8,dd496d15e
qd498dcd8,dd4b8e64a
qd498dcd8,dd4b8b29c
qd498dcd8,dd4985452
qd498dcd8,dd4bcd872
qd498dcd8,dd4b88498
qd498dcd8,dd496cd4e
qd4985312,dd496d5d2
qd4985312,dd4bc7c60
qd4985312,dd4c4ee72
qd4985312,dd4b8f518
qd4985312,dd4bc7b52
qd4985312,dd4976a9c
qd4985312,dd496fc06
qd4985312,dd4b8c7be
qd4985312,dd4b8de70
qd4985312,dd4bd4820
qd497f46c,dd497774e
qd497f46c,dd4baed28
qd497f46c,dd4be687c
qd497f46c,dd4972b86
qd497f46c,dd4bad4e6
qd497f46c,dd496daaa
qd497f46c,dd4bedfe6
qd497f46c,dd496ddd4
qd497f46c,dd4c5e502
qd497f46c,dd4baad2c
qd4986f00,dd496fd78
qd4986f00,dd498af42
qd4986f00,dd4b89942
qd4986f00,dd496d7c6
qd4986f00,dd4c2c872
qd4986f00,dd4b8eafa
qd4986f00,dd4b9c222
qd498df58,dd497e760
qd498df58,dd4c01ae6
qd498df58,dd4bc2e5e
qd498df58,dd49763da
qd498df58,dd4c42172
qd498df58,dd4bbc8f6
qd498df58,dd4ba5d86
qd498df58,dd4970944
qd498df58,dd4c5a20e
qd4975be2,dd4be9c84
qd4975be2,dd4bc15d6
qd4975be2,dd4975c1e
qd4975be2,dd4973d88
qd4975be2,dd4bc6b26
qd4975be2,dd4bbb668
qd4975be2,dd4c5c3b0
qd4975be2,dd4bad842
qd4975be2,dd4c1f3fc
qd4984304,dd4c43efa
qd4984304,dd4c29028
qd4984304,dd4ba4152
qd4984304,dd4b91f52
qd4984304,dd4c4ad90
qd4984304,dd4ba8f36
qd4984304,dd4c20130
qd4984304,dd4c48b62
qd4977708,dd4c5e502
qd4977708,dd4c545b6
qd4977708,dd4ba0b10
qd4977708,dd4b9a788
qd498e8b8,dd49749cc
qd498e8b8,dd4bdb65c
qd498e8b8,dd4bf094e
qd498e8b8,dd4bc1842
qd498e8b8,dd4b9aab2
qd498e8b8,dd4c5a7ea
qd498e8b8,dd4bc45a6
qd498e8b8,dd4b916e2
qd498e8b8,dd4bc4a56
qd498e8b8,dd4bbd300
qd4976e70,dd4bbc202
qd4976e70,dd4c33230
qd4976e70,dd4970944
qd4976e70,dd4c42172
qd4976e70,dd4bf31da
qd4976e70,dd4982158
qd4976e70,dd4c5efa2
qd4976e70,dd4c0fb0a
qd4976e70,dd4979b84
qd4984476,dd49753cc
qd4984476,dd4c326a0
qd4984476,dd4ba4ad0
qd4984476,dd4ba299c
qd4984476,dd4b895c8
qd4984476,dd4c56316
qd4984476,dd49707dc
qd4984476,dd4c37f2e
qd4984476,dd4c23f60
qd4975e44,dd4975e94
qd4975e44,dd4bc9830
qd4975e44,dd4bc654a
qd4975e44,dd4bbee44
qd4975e44,dd496cd4e
qd4975e44,dd4b8e64a
qd4975e44,dd4b8b29c
qd4975e44,dd4c5a574
qd4975e44,dd4984962
qd4976222,dd4bce6be
qd4976222,dd4c63f0c
qd4976222,dd4c42c8a
qd4976222,dd4bae31e
qd4976222,dd4c4a82c
qd4976222,dd4bbb848
qd4976222,dd4b979de
qd4976222,dd4c065fa
qd4976222,dd4bfdaea
qd4974bca,dd4b8e64a
qd4974bca,dd4c195b0
qd4974bca,dd4c37dd0
qd4974bca,dd4bda02c
qd4974bca,dd4bd5d88
qd4974bca,dd4c00844
qd4974bca,dd4989e76
qd4974bca,dd4c4af66
qd4974bca,dd4bd7926
qd496ccfe,dd4bd0a18
qd496ccfe,dd4b9328a
qd496ccfe,dd4bd3a92
qd496ccfe,dd4bb1762
qd496ccfe,dd4bae530
qd496ccfe,dd4b8a7fc
qd496ccfe,dd4b88aa6
qd496ccfe,dd4b8e802
qd496ccfe,dd497edaa
qd496ccfe,dd4b9d410
qd4974eae,dd4bd1c42
qd4974eae,dd4c648e4
qd4974eae,dd4983698
qd4974eae,dd4ba9f94
qd4974eae,dd4c25efa
qd4974eae,dd496f77e
qd4974eae,dd4bb42d2
qd4974eae,dd4bc314c
qd4974eae,dd4bafa8e
qd497596c,dd4b99bf8
qd497596c,dd49759bc
qd497596c,dd4c4ba38
qd497596c,dd4c12896
qd497596c,dd4c0aec0
qd497596c,dd4c11a22
qd497596c,dd4b9ef54
qd497596c,dd4c0748c
qd497596c,dd4c64272
qd497596c,dd4bacda2
qd4983d78,dd4c5179e
qd4983d78,dd4bb32d8
qd4983d78,dd4ba6b50
qd4983d78,dd4bbab00
qd4983d78,dd4c14416
qd4983d78,dd4c4b18c
qd4983d78,dd4c4749c
qd4983d78,dd497947c
qd497c01e,dd497c06e
qd497c01e,dd4bf91ac
qd497c01e,dd4bcd872
qd497c01e,dd4bbd8a0
qd497c01e,dd4c18b10
qd497c01e,dd4beb516
qd497c01e,dd4c1e0e2
qd497c01e,dd4c25860
qd4973eb4,dd4bb6a78
qd4973eb4,dd4979b84
qd4973eb4,dd4b9ea7c
qd4973eb4,dd4bc7a6c
qd4973eb4,dd4bc8c64
qd4973eb4,dd4c39c3e
qd4973eb4,dd4b99f4a
qd4973eb4,dd4b9cec0
qd4973eb4,dd4c37f2e
qd49729a6,dd4972a1e
qd49729a6,dd4b95bc0
qd49729a6,dd4b97600
qd49729a6,dd4c26dbe
qd49729a6,dd4bd002c
qd49729a6,dd4bf8c16
qd49729a6,dd4bcbcf2
qd49729a6,dd4bdbc06
qd4986230,dd4c32b8c
qd4986230,dd498628a
qd4986230,dd4c53bca
qd4986230,dd4b9cec0
qd4986230,dd4c44684
qd4986230,dd4c619b4
qd4986230,dd4c58b02
qd4986230,dd4bcbb1c
qd4986230,dd4c0e5c0
qd498088a,dd4be3640
qd498088a,dd4bb2c98
qd498088a,dd4bbf57e
qd498088a,dd4c57ee6
qd498088a,dd4bad180
qd498088a,dd4c2093c
qd498088a,dd4ba8a5e
qd498088a,dd4c086ac
qd498088a,dd4c4827a
qd49745d0,dd4974620
qd49745d0,dd4b94608
qd49745d0,dd4b88e70
qd49745d0,dd4c18b10
qd49745d0,dd4bf91ac
qd49745d0,dd4c12b5c
qd49745d0,dd4b991e4
qd49745d0,dd4c2f676
qd49745d0,dd4c2ed52
qd49837ce,dd4983832
qd49837ce,dd4bcc332
qd49837ce,dd4ba327a
qd49837ce,dd4c0f3ee
qd49837ce,dd4c05bc8
qd49837ce,dd4bdd984
qd49837ce,dd4c5e502
qd49837ce,dd4c5fd4e
qd497c28a,dd4987a22
qd497c28a,dd4b93a82
qd497c28a,dd497314e
qd497c28a,dd4bc729c
qd497c28a,dd49741fc
qd497c28a,dd4c0f3ee
qd497c28a,dd4bc3ac0
qd497c28a,dd4b97ab0
qd49823ec,dd4bca866
qd49823ec,dd4badcd4
qd49823ec,dd4bbc040
qd49823ec,dd4b8d15a
qd49823ec,dd4bb8daa
qd49823ec,dd497848c
qd4974fc6,dd4c48b62
qd4974fc6,dd4b91f52
qd4974fc6,dd4c43efa
qd4974fc6,dd4ba4152
qd4974fc6,dd4c29028
qd4974fc6,dd4c20130
qd4974fc6,dd4c54002
qd497a61a,dd4bc62ca
qd497a61a,dd4b8e3ac
qd497a61a,dd4976808
qd497a61a,dd4b8d39e
qd497a61a,dd4988f26
qd497a61a,dd4ba8f36
qd497a61a,dd4c20130
qd497a61a,dd4bcc45e
qd498f592,dd4c50f60
qd498f592,dd4c2cb10
qd498f592,dd4bc82c8
qd498f592,dd49775fa
qd498f592,dd4c2dccc
qd498f592,dd4b8761a
qd498f592,dd4c091f6
qd498f592,dd4c111ee
qd498f592,dd4bd711a
qd4984d72,dd4976a9c
qd4984d72,dd4bc7c60
qd4984d72,dd496fc06
qd4984d72,dd4bc7b52
qd4984d72,dd4b8f518
qd4984d72,dd4c4ee72
qd4984d72,dd496d5d2
qd4984d72,dd4bb7108
qd4984d72,dd4bb43c2
qd4984d72,dd497b164
qd498338c,dd4b8b4d6
qd498338c,dd4c4e62a
qd498338c,dd4c111ee
qd498338c,dd4c1d62e
qd498338c,dd4c2cb10
qd498338c,dd4bcd94e
qd498338c,dd4be2b32
qd498338c,dd4bd2bd8
qd498338c,dd4c2663e
qd498338c,dd4c50f60
qd49851a0,dd4b985b4
qd49851a0,dd4bde26c
qd49851a0,dd496f152
qd49851a0,dd4bc3bf6
qd49851a0,dd4ba111e
qd49851a0,dd4c4f930
qd49851a0,dd4b9675a
qd49851a0,dd4c2f676
qd49851a0,dd4972226
qd49851a0,dd4bb3512
qd4974986,dd49749cc
qd4974986,dd4bf094e
qd4974986,dd4bc45a6
qd4974986,dd4c17616
qd4974986,dd4b916e2
qd4974986,dd4bbd300
qd4974986,dd4c5a7ea
qd4974986,dd4bdb65c
qd4974986,dd4975c1e
qd4974986,dd4b9aab2
qd49830f8,dd496faa8
qd49830f8,dd4bd7db8
qd49830f8,dd4b89dc0
qd49830f8,dd4bbdec2
qd49830f8,dd4c5c6e4
qd49830f8,dd4ba28b6
qd49830f8,dd4bfc5c8
qd49830f8,dd4bef5da
qd497a750,dd4bafa8e
qd497a750,dd4983698
qd497a750,dd4bb42d2
qd497a750,dd498315c
qd497a750,dd4c3c6b4
qd497a750,dd4bd2732
qd497a750,dd4c024aa
qd497a750,dd4c093a4
qd498290a,dd497b524
qd498290a,dd4c4fb38
qd498290a,dd4ba3af4
qd498290a,dd4c08e0e
qd498290a,dd496d5d2
qd498290a,dd4bf84f0
qd498290a,dd4c6501e
qd498290a,dd4c2fef0
qd498290a,dd4976a9c
qd4988bc0,dd4b8c110
qd4988bc0,dd4988c1a
qd4988bc0,dd4c2a0d6
qd4988bc0,dd4ba4fb2
qd4988bc0,dd4bdfd38
qd4988bc0,dd4bd2cd2
qd4988bc0,dd4c25efa
qd4988bc0,dd4c5d80a
qd4988bc0,dd4bb05e2
qd497e468,dd497e4cc
qd497e468,dd4c4d522
qd497e468,dd4b86b98
qd497e468,dd4b89dc0
qd497e468,dd4bd52b6
qd497e468,dd4b971e6
qd497e468,dd4b957d8
qd4971114,dd4971178
qd4971114,dd4be0a9e
qd4971114,dd4c3e590
qd4971114,dd4bd0d60
qd4971114,dd4b92a2e
qd4971114,dd4bb6a78
qd4971114,dd4b99f4a
qd4988954,dd4971178
qd4988954,dd4b8c340
qd4988954,dd49818fc
qd4988954,dd4bbb17c
qd4988954,dd4b94ed2
qd4988954,dd4b86b98
qd4988954,dd4c1bfb8
qd4988954,dd4ba91e8
qd4988954,dd4ba8144
qd4987fcc,dd4c53bca
qd4987fcc,dd4ba4ad0
qd4987fcc,dd4bc6950
qd4987fcc,dd498628a
qd4987fcc,dd4b94144
qd4987fcc,dd4bbe714
qd4987fcc,dd4c56316
qd4987fcc,dd4c4cb72
qd496e874,dd4ba8f36
qd496e874,dd4bcc45e
qd496e874,dd4bb2f36
qd496e874,dd496cbc8
qd496e874,dd4bf0cc8
qd496e874,dd4c1cc9c
qd496e874,dd4bdeac8
qd496e874,dd4b96e3a
qd496e874,dd496e8ec
qd4973946,dd4b8c5c0
qd4973946,dd497d298
qd4973946,dd4bb5c2c
qd4973946,dd4c37dd0
qd4973946,dd4b9f292
qd4973946,dd4bcb644
qd498ca04,dd4bd7926
qd498ca04,dd4c01ae6
qd498ca04,dd497e760
qd498ca04,dd4bda02c
qd498ca04,dd4b9e324
qd498ca04,dd4c1e8a8
qd498ca04,dd49763da
qd498ca04,dd4bc2e5e
qd498ca04,dd496e8ec
qd49892dc,dd497774e
qd49892dc,dd4c37f2e
qd49892dc,dd496daaa
qd49892dc,dd4b9cec0
qd49892dc,dd4bad4e6
qd49892dc,dd4c52c70
qd49892dc,dd4baed28
qd49892dc,dd4972b86
qd4982c20,dd4b8b29c
qd4982c20,dd4b971e6
qd4982c20,dd4970318
qd4982c20,dd4b86b98
qd4982c20,dd4c109d8
qd4982c20,dd4bdbc06
qd4982c20,dd4979b84
qd497bde4,dd497be3e
qd497bde4,dd4c2403c
qd497bde4,dd4bcbb1c
qd497bde4,dd4bb3d8c
qd497bde4,dd4977f8c
qd497bde4,dd4c5d0f8
qd497bde4,dd4c53bca
qd497bde4,dd4c3e3e2
qd498fac4,dd4bc4eb6
qd498fac4,dd4ba002a
qd498fac4,dd4ba6b50
qd498fac4,dd4bb44b2
qd498fac4,dd4b9c40c
qd498fac4,dd4ba6eac
qd498fac4,dd4b8e802
qd498fac4,dd4bfc2c6
qd498fac4,dd4bdfe5a
qd496ee8c,dd4c37cfe
qd496ee8c,dd4b94266
qd496ee8c,dd4972a1e
qd496ee8c,dd4c1f226
qd496ee8c,dd4979f76
qd496ee8c,dd4c0831e
qd496ee8c,dd4bf8c16
qd497dff4,dd4ba91e8
qd497dff4,dd4b92f10
qd497dff4,dd4ba3e6e
qd497dff4,dd496d938
qd497dff4,dd4bbb17c
qd497dff4,dd4b912fa
qd497dff4,dd49818fc
qd497dff4,dd4b86b98
qd497dff4,dd4bad842
qd4984c28,dd4bc1b94
qd4984c28,dd4c51064
qd4984c28,dd4bcff28
qd4984c28,dd4bcef88
qd4984c28,dd4b8dd76
qd4984c28,dd4c439dc
qd4984c28,dd4ba1ace
qd4984c28,dd4b9ed6a
qd4984c28,dd4bca866
qd497e9a4,dd4c23b64
qd497e9a4,dd4ba898c
qd497e9a4,dd4b88aa6
qd497e9a4,dd4b908e6
qd497e9a4,dd4bdfe5a
qd497e9a4,dd4c4749c
qd497e9a4,dd4beb516
qd497e9a4,dd4c25860
qd498ada8,dd497587c
qd498ada8,dd4bcdcaa
qd498ada8,dd4bdc4da
qd498ada8,dd49797ec
qd498ada8,dd4b93b5e
qd498ada8,dd4c4af66
qd497fd2c,dd4bbae02
qd497fd2c,dd4bc67a2
qd497fd2c,dd497fd7c
qd497fd2c,dd4bd6166
qd497fd2c,dd4bc5e74
qd497fd2c,dd4be4d56
qd497fd2c,dd4975250
qd497fd2c,dd4bb930e
qd497fd2c,dd4c5923c
qd4981fc8,dd4ba8f36
qd4981fc8,dd4c29028
qd4981fc8,dd4c040c0
qd4981fc8,dd4bcc45e
qd4981fc8,dd4bb2f36
qd4981fc8,dd4c2fdd8
qd4981fc8,dd4c43efa
qd4981fc8,dd4bb51aa
qd497d0f4,dd4bca866
qd497d0f4,dd4b8ef96
qd497d0f4,dd4b8bf1c
qd497d0f4,dd4b8ebcc
qd497d0f4,dd4b9cec0
qd49858da,dd4b88aa6
qd49858da,dd4beb516
qd49858da,dd4b8e802
qd49858da,dd4bd0a18
qd49858da,dd4bc4eb6
qd49858da,dd4c109d8
qd49858da,dd4bf297e
qd49858da,dd4b9e068
qd496c6a0,dd4ba07d2
qd496c6a0,dd4bce6be
qd496c6a0,dd4bae31e
qd496c6a0,dd4b95e86
qd496c6a0,dd4bb123a
qd496c6a0,dd4c02ae0
qd496c6a0,dd4c52518
qd496c6a0,dd4bb7270
qd496c6a0,dd4bd368c
qd496c6a0,dd4c16dc4
qd49800e2,dd4c4dea0
qd49800e2,dd4979b84
qd49800e2,dd4bcbb1c
qd49800e2,dd4bc8c64
qd49800e2,dd4c2403c
qd49800e2,dd4c63fca
qd49800e2,dd4bbb564
qd497a4ee,dd4b88aa6
qd497a4ee,dd4bb1762
qd497a4ee,dd497b06a
qd497a4ee,dd4bc32fa
qd497a4ee,dd4c15da2
qd497a4ee,dd4ba6b50
qd497a4ee,dd4beb516
qd497a4ee,dd4bd4532
qd4974878,dd4973c8e
qd4974878,dd4bcbcf2
qd4974878,dd4c4249c
qd4974878,dd4b9ee6e
qd4974878,dd4c59dea
qd4974878,dd4c22ebc
qd4974878,dd4c1fdac
qd4974878,dd4bf5a52
qd4974878,dd4bf4666
qd497bcc2,dd4c001dc
qd497bcc2,dd4c35d50
qd497bcc2,dd497e134
qd497bcc2,dd4be0184
qd497bcc2,dd4c0419c
qd497bcc2,dd4c5f498
qd498a97a,dd4c42172
qd498a97a,dd4970944
qd498a97a,dd4bbc202
qd498a97a,dd4c5a20e
qd498a97a,dd4bb016e
qd498a97a,dd497e760
qd498a97a,dd4c08e0e
qd498a97a,dd498b1f4
qd498c64e,dd4c5bc8a
qd498c64e,dd4c391d0
qd498c64e,dd4977456
qd498c64e,dd4c3ee78
qd498c64e,dd4b8f61c
qd498c64e,dd4bc0e88
qd498c64e,dd49737c0
qd498d422,dd4985452
qd498d422,dd4bbc040
qd498d422,dd497848c
qd498d422,dd496d15e
qd498d422,dd4c0ce78
qd498d422,dd4bb6c12
qd4979db4,dd4bf8c16
qd4979db4,dd4b97600
qd4979db4,dd4b94266
qd4979db4,dd4979e04
qd4979db4,dd4b91d40
qd4979db4,dd4c11b12
qd4979db4,dd4b95bc0
qd4979db4,dd4c26738
qd4974d64,dd4baf534
qd4974d64,dd496f968
qd4974d64,dd4ba0908
qd4974d64,dd4c60bae
qd4974d64,dd4c229ee
qd4974d64,dd4ba898c
qd4974d64,dd4b926f0
qd4974d64,dd4be8910
qd4974d64,dd4c2852e
qd4986b4a,dd49763da
qd4986b4a,dd4bc2e5e
qd4986b4a,dd4c01ae6
qd4986b4a,dd4bbc8f6
qd4986b4a,dd4ba5d86
qd4986b4a,dd497a3f4
qd4986b4a,dd4baef9e
qd4986b4a,dd497e760
qd4986b4a,dd4c25324
qd497f818,dd4b9e324
qd497f818,dd4c4e0f8
qd497f818,dd4b974d4
qd497f818,dd497f854
qd497f818,dd4c1e8a8
qd497f818,dd4c25324
qd497f818,dd4c54eb2
qd497f818,dd4bc67a2
qd497f818,dd4c4bc68
qd497b3d0,dd49753cc
qd497b3d0,dd4c326a0
qd497b3d0,dd4b87fde
qd497b3d0,dd4b895c8
qd497b3d0,dd4baaef8
qd497b3d0,dd4bf5e44
qd497b3d0,dd4bbfb96
qd497b3d0,dd497d70c
qd497b3d0,dd4c31af2
qd498150a,dd49759bc
qd498150a,dd4b99bf8
qd498150a,dd4c12896
qd498150a,dd4c4ba38
qd498150a,dd4b9ef54
qd498150a,dd4c0748c
qd498150a,dd4b8aa86
qd498150a,dd4c093a4
qd498150a,dd4bbe84a
qd498150a,dd4c0aec0
qd497e724,dd497e760
qd497e724,dd4970944
qd497e724,dd4c5a20e
qd497e724,dd4c01ae6
qd497e724,dd4c42172
qd497e724,dd4bbc8f6
qd497e724,dd4bc2e5e
qd497e724,dd4ba5d86
qd497e724,dd4bbc202
qd497325c,dd49732c0
qd497325c,dd4c2ed52
qd497325c,dd4ba327a
qd497325c,dd4bacbf4
qd497325c,dd4c5f09c
qd497325c,dd4b8c340
qd497325c,dd4bf49c2
qd498ec5a,dd4c4e0f8
qd498ec5a,dd4b974d4
qd498ec5a,dd4bbd300
qd498ec5a,dd4bbeb7e
qd498ec5a,dd496f026
qd498ec5a,dd4bb3ea4
qd498ec5a,dd4987a22
qd498ec5a,dd49749cc
qd498ec5a,dd4b9c40c
qd497ce92,dd4b8761a
qd497ce92,dd4970d36
qd497ce92,dd4c0aec0
qd497ce92,dd49759bc
qd497ce92,dd4bfa78c
qd497ce92,dd4c322cc
qd497ce92,dd4bbe84a
qd497ce92,dd4bb51aa
qd497ce92,dd4c2c9e4
qd4975110,dd4c26dbe
qd4975110,dd4b95bc0
qd4975110,dd4b97600
qd4975110,dd496d15e
qd4975110,dd4bf8c16
qd4975110,dd4c33230
qd4975110,dd4bd3a92
qd4975110,dd4bcf42e
qd49799ea,dd4979a3a
qd49799ea,dd4beb840
qd49799ea,dd4c5e502
qd49799ea,dd4b8b670
qd49799ea,dd49872ac
qd49799ea,dd4c608ac
qd49799ea,dd4b9698a
qd49799ea,dd4beee14
qd4970034,dd4be9ad6
qd4970034,dd4b92e48
qd4970034,dd4c4d824
qd4970034,dd4970098
qd4970034,dd4c51de8
qd4970034,dd4be9c84
qd4970034,dd4bc15d6
qd4970034,dd4bbd5e4
qd498dbb6,dd4b8b670
qd498dbb6,dd4be9c84
qd498dbb6,dd4ba28b6
qd498dbb6,dd4975c1e
qd498dbb6,dd4bbb668
qd498dbb6,dd4c5007e
qd498dbb6,dd4bc15d6
qd498dbb6,dd4c5efa2
qd498e7a0,dd4bb3ea4
qd498e7a0,dd497314e
qd498e7a0,dd4c5e502
qd498e7a0,dd4c49468
qd498e7a0,dd4b8f324
qd498e7a0,dd4beb840
qd498e7a0,dd4987a22
qd4970606,dd4970642
qd4970606,dd4bbdb16
qd4970606,dd4b902a6
qd4970606,dd4bdb3be
qd4970606,dd497da9a
qd4970606,dd4c46150
qd4970606,dd4bf7a0a
qd4970606,dd497340a
qd4981a46,dd496f2ec
qd4981a46,dd4b9436a
qd4981a46,dd4ba48a0
qd4981a46,dd4bed5aa
qd4981a46,dd4976682
qd4981a46,dd4b8761a
qd4981a46,dd4bb8b20
qd4981a46,dd4b98d7a
qd4981a46,dd4b986b8
qd498ff92,dd49818fc
qd498ff92,dd4bae42c
qd498ff92,dd4ba91e8
qd498ff92,dd4975c1e
qd498ff92,dd4bf094e
qd498ff92,dd4bbb17c
qd498ff92,dd4bad842
qd498ff92,dd4b912fa
qd498ff92,dd49749cc
qd497cd70,dd497cdca
qd497cd70,dd4b94ed2
qd497cd70,dd4b8e2a8
qd497cd70,dd4c3b106
qd497cd70,dd4ba75b4
qd497cd70,dd4c66176
qd497cd70,dd4c07cfc
qd497cd70,dd497ad9a
qd4973afe,dd4be1b9c
qd4973afe,dd4bcd94e
qd4973afe,dd497354a
qd4973afe,dd4c53260
qd4973afe,dd4beac7e
qd4973afe,dd4bbd8a0
qd4973afe,dd4bea9d6
qd4973afe,dd4c122d8
qd4973afe,dd4bf91ac
qd497ba9c,dd497bae2
qd497ba9c,dd4c38834
qd497ba9c,dd4bc5dac
qd497ba9c,dd4b8d65a
qd497ba9c,dd4b8b3f0
qd497ba9c,dd4b89ff0
qd497ba9c,dd4b8d844
qd497ba9c,dd4974328
qd4989174,dd4c5fd4e
qd4989174,dd4c4dea0
qd4989174,dd4c030c6
qd4989174,dd49891e2
qd4989174,dd4c04688
qd4989174,dd49707dc
qd4989174,dd4bfc5c8
qd497857c,dd4bf094e
qd497857c,dd49785cc
qd497857c,dd4bedfe6
qd497857c,dd4978b44
qd497857c,dd4c5e502
qd497857c,dd4b94856
qd497857c,dd4974328
qd497857c,dd4c16450
qd497857c,dd4b9c40c
qd4987540,dd4bc7b52
qd4987540,dd496fc06
qd4987540,dd4b8f518
qd4987540,dd4c4ee72
qd4987540,dd4bc7c60
qd4987540,dd496d5d2
qd4987540,dd4976a9c
qd4987540,dd4b8de70
qd4987540,dd4bb7108
qd4987540,dd4bed97e
qd4984e8a,dd4bb655a
qd4984e8a,dd4bb3b48
qd4984e8a,dd4b9dc1c
qd4984e8a,dd4970f84
qd4984e8a,dd4bb0de4
qd4984e8a,dd4c2bb20
qd4984e8a,dd4b9af30
qd4984e8a,dd4c58382
qd498bf64,dd4985452
qd498bf64,dd4bbc040
qd498bf64,dd4bb8fa8
qd498bf64,dd497848c
qd498bf64,dd4b8e8f2
qd498bf64,dd4c09a2a
qd498bf64,dd4bcbcf2
qd498bf64,dd4bf56b0
qd497ffde,dd4bb6e6a
qd497ffde,dd4b92d62
qd497ffde,dd4bcff28
qd497ffde,dd4b9af30
qd497ffde,dd4bb2a5e
qd497ffde,dd4bc1b94
qd497ffde,dd4bd7db8
qd49818ac,dd49818fc
qd49818ac,dd4ba91e8
qd49818ac,dd4975c1e
qd49818ac,dd4bad842
qd49818ac,dd4bf094e
qd49818ac,dd4bbb17c
qd49818ac,dd4b912fa
qd49818ac,dd4ba3e6e
qd49818ac,dd49749cc
qd498e9f8,dd4c4ee72
qd498e9f8,dd4bc7b52
qd498e9f8,dd4bc7c60
qd498e9f8,dd4b8f518
qd498e9f8,dd496d5d2
qd498e9f8,dd496fc06
qd498e9f8,dd4976a9c
qd498e9f8,dd4bd4820
qd498e9f8,dd4b8c7be
qd498e9f8,dd4bb7108
qd49805a6,dd4b94266
qd49805a6,dd4979e04
qd49805a6,dd4b91d40
qd49805a6,dd4bf297e
qd49805a6,dd4c11b12
qd49805a6,dd4c26738
qd49805a6,dd4b97600
qd49805a6,dd4bf8c16
qd497977e,dd4c44418
qd497977e,dd4b920e2
qd497977e,dd4bdc4da
qd497977e,dd4ba71ae
qd497977e,dd4c47d52
qd497977e,dd4980772
qd497977e,dd4bb3648
qd49789be,dd4b88aa6
qd49789be,dd4bc9718
qd49789be,dd4ba6b50
qd49789be,dd4bc32fa
qd49789be,dd4c58f4e
qd49789be,dd4c28682
qd49789be,dd4bebffc
qd49789be,dd4be8ec4
qd49789be,dd4c4749c
qd4982f22,dd497d298
qd4982f22,dd4b8c5c0
qd4982f22,dd4c37dd0
qd4982f22,dd4b8ce1c
qd4982f22,dd4c346bc
qd4982f22,dd4c0d9f4
qd4982f22,dd4c323bc
qd4989f8e,dd4bc5ca8
qd4989f8e,dd4c322cc
qd4989f8e,dd4984020
qd4989f8e,dd4c13c64
qd4989f8e,dd4bde6cc
qd4989f8e,dd4b928a8
qd4989f8e,dd4bb51aa
qd4989f8e,dd4c04688
qd4989f8e,dd4b99afe
qd496ce3e,dd496ce98
qd496ce3e,dd4bd3b46
qd496ce3e,dd4bea74c
qd496ce3e,dd4970e26
qd496ce3e,dd4c3d78a
qd496ce3e,dd497fb38
qd496ce3e,dd4c1311a
qd496ce3e,dd4be17fa
qd498d4f4,dd4ba1308
qd498d4f4,dd496e3c4
qd498d4f4,dd497de0a
qd498d4f4,dd4bdddee
qd498d4f4,dd496ebc6
qd498d4f4,dd4981082
qd498d4f4,dd4bbb096
qd498d4f4,dd4c51d20
qd498d4f4,dd49719f2
qd4978842,dd4c44e90
qd4978842,dd4bcd6a6
qd4978842,dd4be9d60
qd4978842,dd49791ac
qd4978842,dd4b8a270
qd4978842,dd498ba0a
qd4978842,dd4bb4796
qd4978842,dd4b892a8
qd4975386,dd49753cc
qd4975386,dd4c326a0
qd4975386,dd4b895c8
qd4975386,dd497d70c
qd4975386,dd4ba4ad0
qd4975386,dd4bbfb96
qd4975386,dd4b9045e
qd4975386,dd4b87fde
qd4975386,dd4b90e72
qd4970a48,dd4c1ca1c
qd4970a48,dd4b9cde4
qd4970a48,dd4bdc084
qd4970a48,dd4b9c33a
qd4970a48,dd4bc7eb8
qd4970a48,dd4c65c30
qd4970a48,dd497b29a
qd4970a48,dd4bf189e
qd4978716,dd4c1141e
qd4978716,dd4bac24e
qd4978716,dd4bed492
qd4978716,dd4bbd300
qd4978716,dd4b916e2
qd4978716,dd4c2e726
qd4978716,dd4bacaf0
qd4978716,dd4bcbde2
qd4978716,dd4c439dc
qd497942c,dd4beb516
qd497942c,dd4bc4eb6
qd497942c,dd4c4749c
qd497942c,dd4ba6eac
qd497942c,dd4b908e6
qd497942c,dd4b88aa6
qd497942c,dd4b8e802
qd497942c,dd4c25860
qd497942c,dd4b96ca0
qd4977596,dd4c2dccc
qd4977596,dd4c091f6
qd4977596,dd4c098ea
qd4977596,dd4b8c016
qd4977596,dd497b06a
qd4977596,dd4bd4532
qd4977596,dd4b8a39c
qd4979030,dd4bb3b48
qd4979030,dd4b9dc1c
qd4979030,dd4bb655a
qd4979030,dd4bb0de4
qd4979030,dd4c2bb20
qd4979030,dd4c2e58c
qd4979030,dd4b88498
qd498da94,dd4c26dbe
qd498da94,dd4b89dc0
qd498da94,dd496faa8
qd498da94,dd4bbdec2
qd498da94,dd4979b84
qd498da94,dd4bcbb1c
qd498da94,dd4b8bbf2
qd498da94,dd4bcaf0a
qd49742ec,dd4bf094e
qd49742ec,dd4974328
qd49742ec,dd4bbd300
qd49742ec,dd49749cc
qd49742ec,dd4c17616
qd49742ec,dd4bc45a6
qd49742ec,dd4c248b6
qd4987eb4,dd4c44418
qd4987eb4,dd4b920e2
qd4987eb4,dd4c0eb56
qd4987eb4,dd4bb4796
qd4987eb4,dd4c2093c
qd4987eb4,dd4ba71ae
qd4987eb4,dd4c47d52
qd4987eb4,dd4980772
qd4973676,dd4c51b22
qd4973676,dd4b87b10
qd4973676,dd4c0ad08
qd4973676,dd4c61aa4
qd4973676,dd4c00dee
qd4973676,dd4bf82d4
qd4973676,dd4c32772
qd4973676,dd4bbc8f6
qd4973676,dd4bf9c7e
qd4989c8c,dd49763da
qd4989c8c,dd4bc2e5e
qd4989c8c,dd4c01ae6
qd4989c8c,dd497a3f4
qd4989c8c,dd4bbc8f6
qd4989c8c,dd4ba5d86
qd4989c8c,dd4c4bc68
qd4989c8c,dd4baef9e
qd4989c8c,dd497e760
qd4989c8c,dd4bd7926
qd49873e2,dd4987432
qd49873e2,dd498e070
qd49873e2,dd4b9b93a
qd49873e2,dd4b8c25a
qd49873e2,dd4ba302c
qd49873e2,dd4bce1c8
qd49873e2,dd4b96f16
qd49873e2,dd4bcfd48
qd49873e2,dd4c25cf2
qd49751f6,dd4975250
qd49751f6,dd4bd6166
qd49751f6,dd4c08bd4
qd49751f6,dd4c04f66
qd49751f6,dd4bbae02
qd49751f6,dd4bc5e74
qd49751f6,dd4bb90d4
qd49751f6,dd4ba7f28
qd49751f6,dd4b8f1c6
qd497ab06,dd4bcc92c
qd497ab06,dd497ab7e
qd497ab06,dd4b9d80c
qd497ab06,dd4b9d0b4
qd497ab06,dd4c3312c
qd497ab06,dd4ba6b50
qd497ab06,dd4c4dfcc
qd49741b6,dd4987a22
qd49741b6,dd4bb3ea4
qd49741b6,dd497314e
qd49741b6,dd49741fc
qd49741b6,dd4b93a82
qd49741b6,dd4978f5e
qd49741b6,dd4c1fa00
qd49741b6,dd4bc9f60
qd498d0f8,dd497bae2
qd498d0f8,dd4c38834
qd498d0f8,dd4bc5dac
qd498d0f8,dd4b8d65a
qd498d0f8,dd4b8b3f0
qd498d0f8,dd4bdddee
qd498d0f8,dd496ebc6
qd498d0f8,dd4ba1308
qd498d0f8,dd4b8d844
qd497c816,dd4bca866
qd497c816,dd497d298
qd497c816,dd4b8bf1c
qd497c816,dd4bbc040
qd497c816,dd49749cc
qd497c816,dd4b8ebcc
qd497c816,dd4c5a7ea
qd4988ecc,dd4bbce6e
qd4988ecc,dd4ba8662
qd4988ecc,dd4c515dc
qd4988ecc,dd4c1618a
qd4988ecc,dd4b89762
qd4988ecc,dd4bf481e
qd4982266,dd4c2afae
qd4982266,dd49822ca
qd4982266,dd4c58382
qd4982266,dd4989e76
qd4982266,dd4c07a04
qd4982266,dd4c2423a
qd4982266,dd4bca942
qd4982266,dd497d298
qd4985e34,dd4b88aa6
qd4985e34,dd4c25860
qd4985e34,dd4bf297e
qd4985e34,dd4c26738
qd4985e34,dd4b9d410
qd4985e34,dd4c4749c
qd4985e34,dd4b91d40
qd4985e34,dd4ba6b50
qd4989714,dd4bf6a7e
qd4989714,dd4c086ac
qd4989714,dd4bc774c
qd4989714,dd4b94856
qd4989714,dd4c44418
qd4989714,dd4c4ed78
qd4989714,dd4c248b6
qd4989714,dd4bef1ca
